Customer_ID,assetCust,assetCustConservative,churn
1005718,1,0,1
1052406,1,0,1
1053628,1,0,1
1019479,1,0,1
1032560,1,0,1
1060204,1,0,1
1009195,1,1,1
1003057,1,1,1
1035791,1,0,1
1001147,1,1,1
1045541,1,1,1
1008950,1,0,1
1041110,1,0,1
1058493,1,0,1
1089523,1,0,1
1018280,1,1,1
1029416,1,0,1
1057945,1,0,1
1034089,1,0,1
1035168,1,0,1
1071010,1,0,1
1026545,1,0,1
1027486,1,0,1
1001635,1,0,1
1096541,1,0,1
1098672,1,1,1
1052320,1,1,1
1097673,1,0,1
1019241,1,0,1
1062061,1,0,1
1042868,1,0,1
1076472,1,0,1
1038501,1,1,1
1015176,1,1,1
1098608,1,0,1
1003729,1,0,1
1021185,1,0,1
1081280,1,0,1
1034815,1,0,1
1025971,1,1,1
1038140,1,0,1
1098633,1,0,1
1008229,1,0,1
1060470,1,0,1
1098507,1,0,1
1043088,1,0,1
1021242,1,0,1
1002242,1,0,1
1061348,1,1,1
1020054,1,1,1
1000366,1,1,1
1046157,1,0,1
1013281,1,1,1
1014593,1,1,1
1011052,1,1,1
1048124,1,0,1
1036907,1,1,1
1032638,1,0,1
1098544,1,0,1
1008329,1,0,1
1009708,1,0,1
1050291,1,0,1
1011524,1,1,1
1009847,1,0,1
1043107,1,1,1
1098190,1,0,1
1033654,1,0,1
1059676,1,0,1
1017059,1,0,1
1044885,1,0,1
1025541,1,1,1
1049266,1,0,1
1023738,1,0,1
1004685,1,0,1
1004114,1,0,1
1054432,1,0,1
1029092,1,0,1
1030254,1,1,1
1061340,1,0,1
1030156,1,1,1
1003055,1,1,1
1004414,1,1,1
1027306,1,1,1
1067615,1,1,1
1051031,1,0,1
1016439,1,1,1
1054279,1,1,1
1012116,1,0,1
1023534,1,0,1
1013816,1,1,1
1086150,1,0,1
1075830,1,0,1
1047670,1,0,1
1036733,1,0,1
1034528,1,0,1
1040213,1,1,1
1021045,1,0,1
1094863,1,0,1
1008545,1,0,1
1027387,1,0,1
1024108,1,0,1
1014262,1,0,1
1040176,1,0,1
1029547,1,0,1
1016045,1,1,1
1000695,1,1,1
1051686,1,1,1
1056144,1,1,1
1005517,1,1,1
1084704,1,0,1
1016082,1,0,1
1099206,1,0,1
1007925,1,0,1
1004152,1,0,1
1062405,1,1,1
1097718,1,0,1
1017612,1,1,1
1014303,1,0,1
1066848,1,1,1
1057317,1,0,1
1029048,1,0,1
1033237,1,0,1
1008178,1,1,1
1014383,1,0,1
1014966,1,0,1
1016101,1,0,1
1014581,1,0,1
1000585,1,1,1
1026770,1,1,1
1008394,1,1,1
1028531,1,0,1
1012815,1,1,1
1036925,1,0,1
1010649,1,0,1
1032876,1,1,1
1069823,1,0,1
1084649,1,0,1
1098263,1,1,1
1078502,1,1,1
1078602,1,1,1
1002407,1,1,1
1028053,1,0,1
1036614,1,0,1
1085508,1,0,1
1003320,1,0,1
1002921,1,0,1
1016855,1,1,1
1088355,1,1,1
1024274,1,0,1
1014915,1,1,1
1017557,1,0,1
1030896,1,0,1
1053225,1,0,1
1038082,1,0,1
1020393,1,1,1
1003338,1,0,1
1036390,1,0,1
1058084,1,1,1
1039604,1,0,1
1015550,1,0,1
1000979,1,1,1
1070604,1,1,1
1037678,1,0,1
1019477,1,0,1
1007981,1,1,1
1053144,1,0,1
1039056,1,1,1
1034305,1,1,1
1099070,1,0,1
1061356,1,0,1
1034683,1,0,1
1013397,1,1,1
1048189,1,1,1
1006829,1,1,1
1046896,1,1,1
1004785,1,0,1
1042535,1,0,1
1011635,1,0,1
1070967,1,0,1
1029135,1,0,1
1018644,1,1,1
1001543,1,1,1
1002401,1,0,1
1005849,1,1,1
1061955,1,0,1
1013323,1,1,1
1034985,1,0,1
1016092,1,1,1
1007313,1,1,1
1024178,1,0,1
1025628,1,1,1
1008799,1,0,1
1098445,1,0,1
1020294,1,0,1
1057874,1,0,1
1032512,1,1,1
1065050,1,1,1
1031414,1,1,1
1035859,1,0,1
1026527,1,0,1
1023905,1,0,1
1039319,1,1,1
1065884,1,0,1
1040799,1,1,1
1077552,1,0,1
1022671,1,0,1
1012141,1,1,1
1085375,1,0,1
1050761,1,0,1
1049909,1,1,1
1067123,1,0,1
1034809,1,0,1
1013451,1,1,1
1024683,1,1,1
1003085,1,0,1
1094127,1,0,1
1058539,1,0,1
1022425,1,0,1
1011694,1,1,1
1079087,1,0,1
1003310,1,0,1
1030919,1,1,1
1033905,1,0,1
1036374,1,0,1
1016750,1,0,1
1013359,1,1,1
1018339,1,0,1
1040115,1,1,1
1015839,1,1,1
1012939,1,0,1
1009812,1,0,1
1006371,1,0,1
1009488,1,1,1
1033415,1,0,1
1027056,1,0,1
1016072,1,1,1
1008718,1,1,1
1048360,1,1,1
1010295,1,0,1
1040377,1,0,1
1005925,1,0,1
1026284,1,1,1
1060044,1,1,1
1004060,1,0,1
1037293,1,0,1
1007784,1,1,1
1021728,1,0,1
1008742,1,0,1
1000507,1,0,1
1047988,1,0,1
1035844,1,0,1
1007677,1,0,1
1069194,1,0,1
1040738,1,1,1
1046599,1,0,1
1024559,1,0,1
1024105,1,0,1
1047040,1,1,1
1024725,1,1,1
1071477,1,0,1
1013931,1,1,1
1003820,1,0,1
1081687,1,1,1
1007015,1,1,1
1081808,1,0,1
1049500,1,0,1
1069066,1,0,1
1016232,1,1,1
1033809,1,0,1
1012375,1,0,1
1018241,1,1,1
1007309,1,1,1
1022659,1,1,1
1008910,1,1,1
1027989,1,0,1
1034038,1,1,1
1043365,1,1,1
1054398,1,1,1
1024820,1,0,1
1098066,1,0,1
1099150,1,0,1
1013864,1,0,1
1076359,1,1,1
1001508,1,0,1
1046056,1,0,1
1018756,1,0,1
1063096,1,0,1
1081422,1,1,1
1034232,1,1,1
1085048,1,1,1
1045723,1,1,1
1061988,1,1,1
1088081,1,0,1
1005286,1,1,1
1020144,1,0,1
1003171,1,1,1
1017447,1,0,1
1043134,1,0,1
1062819,1,1,1
1045856,1,0,1
1095731,1,0,1
1010420,1,1,1
1098825,1,0,1
1044347,1,0,1
1020281,1,0,1
1043672,1,0,1
1037450,1,0,1
1036300,1,0,1
1031076,1,0,1
1051759,1,0,1
1007283,1,0,1
1060691,1,1,1
1009061,1,1,1
1071003,1,0,1
1095911,1,1,1
1034286,1,0,1
1002356,1,1,1
1054580,1,1,1
1068035,1,1,1
1028285,1,0,1
1011214,1,0,1
1039186,1,1,1
1007119,1,0,1
1014352,1,1,1
1037049,1,0,1
1024932,1,1,1
1047884,1,0,1
1013823,1,1,1
1078491,1,0,1
1035257,1,0,1
1067879,1,0,1
1021491,1,1,1
1020510,1,1,1
1036744,1,1,1
1062378,1,0,1
1035594,1,0,1
1099464,1,1,1
1098560,1,0,1
1033830,1,0,1
1006284,1,1,1
1046653,1,0,1
1011361,1,1,1
1023080,1,0,1
1024421,1,0,1
1004093,1,0,1
1054503,1,1,1
1049301,1,0,1
1041642,1,1,1
1013836,1,1,1
1041363,1,0,1
1031993,1,0,1
1019644,1,1,1
1037422,1,1,1
1073935,1,1,1
1006717,1,0,1
1033199,1,0,1
1019591,1,0,1
1001298,1,1,1
1006857,1,1,1
1030022,1,0,1
1023268,1,0,1
1033124,1,0,1
1019983,1,0,1
1004626,1,1,1
1027774,1,0,1
1022745,1,0,1
1023978,1,0,1
1002219,1,1,1
1004299,1,1,1
1029235,1,1,1
1014778,1,0,1
1032047,1,0,1
1035013,1,1,1
1092698,1,1,1
1093900,1,0,1
1012014,1,0,1
1016460,1,0,1
1024417,1,1,1
1015748,1,1,1
1033946,1,0,1
1040386,1,1,1
1023032,1,0,1
1005463,1,1,1
1000698,1,0,1
1040144,1,0,1
1061890,1,0,1
1034133,1,0,1
1003781,1,1,1
1014381,1,0,1
1027651,1,0,1
1024120,1,0,1
1041885,1,0,1
1037094,1,0,1
1025790,1,0,1
1001344,1,1,1
1002243,1,1,1
1055822,1,0,1
1000269,1,1,1
1048482,1,0,1
1001822,1,0,1
1090550,1,1,1
1017494,1,0,1
1066016,1,0,1
1011372,1,0,1
1039013,1,0,1
1032672,1,0,1
1026832,1,1,1
1013238,1,1,1
1056945,1,1,1
1057266,1,1,1
1041416,1,0,1
1071122,1,0,1
1034413,1,0,1
1035755,1,0,1
1070260,1,0,1
1051737,1,0,1
1000368,1,0,1
1033845,1,0,1
1050288,1,0,1
1022382,1,0,1
1066430,1,1,1
1021739,1,1,1
1057513,1,1,1
1035112,1,1,1
1007946,1,0,1
1007972,1,0,1
1059534,1,1,1
1003534,1,0,1
1012923,1,1,1
1012670,1,0,1
1030598,1,0,1
1038098,1,0,1
1009725,1,1,1
1088034,1,0,1
1063003,1,1,1
1082339,1,1,1
1019359,1,1,1
1002390,1,0,1
1006293,1,0,1
1034241,1,0,1
1034146,1,1,1
1087468,1,0,1
1051361,1,0,1
1027157,1,0,1
1033168,1,0,1
1056949,1,0,1
1012763,1,1,1
1043911,1,0,1
1014443,1,1,1
1000224,1,1,1
1011219,1,1,1
1099887,1,0,1
1022459,1,0,1
1062530,1,1,1
1034075,1,1,1
1054195,1,0,1
1012414,1,0,1
1063323,1,0,1
1057076,1,0,1
1008306,1,1,1
1010974,1,1,1
1011458,1,1,1
1025277,1,1,1
1065009,1,0,1
1017309,1,1,1
1022090,1,0,1
1050734,1,1,1
1034071,1,1,1
1040555,1,0,1
1020519,1,1,1
1052924,1,1,1
1023627,1,0,1
1071881,1,0,1
1055421,1,1,1
1019004,1,1,1
1063604,1,0,1
1021646,1,0,1
1010704,1,0,1
1029747,1,0,1
1010155,1,1,1
1029096,1,0,1
1049680,1,0,1
1010607,1,0,1
1035893,1,0,1
1091517,1,0,1
1058076,1,0,1
1030342,1,0,1
1019380,1,0,1
1017156,1,0,1
1002898,1,1,1
1017047,1,0,1
1016096,1,1,1
1005779,1,0,1
1023987,1,0,1
1000067,1,0,1
1061319,1,0,1
1063769,1,1,1
1016186,1,1,1
1058262,1,1,1
1042988,1,0,1
1017143,1,1,1
1040060,1,1,1
1097745,1,1,1
1041889,1,0,1
1020208,1,0,1
1098933,1,0,1
1022362,1,1,1
1048455,1,0,1
1093870,1,0,1
1034745,1,1,1
1015949,1,0,1
1020916,1,1,1
1026761,1,0,1
1019454,1,0,1
1015981,1,1,1
1046401,1,0,1
1036007,1,0,1
1052098,1,1,1
1000319,1,1,1
1059028,1,0,1
1018822,1,0,1
1019126,1,1,1
1008960,1,1,1
1037723,1,0,1
1023392,1,1,1
1003069,1,0,1
1043411,1,1,1
1005645,1,1,1
1008164,1,1,1
1041991,1,0,1
1038750,1,0,1
1006094,1,0,1
1046265,1,0,1
1061978,1,0,1
1022517,1,1,1
1010632,1,1,1
1012449,1,1,1
1050401,1,1,1
1063553,1,0,1
1022610,1,0,1
1007272,1,0,1
1045740,1,1,1
1058766,1,1,1
1006592,1,1,1
1024750,1,0,1
1061165,1,0,1
1099235,1,1,1
1067965,1,0,1
1077139,1,0,1
1039068,1,0,1
1002135,1,1,1
1033851,1,0,1
1019137,1,1,1
1012400,1,0,1
1024557,1,1,1
1066638,1,0,1
1034079,1,1,1
1078101,1,1,1
1057081,1,0,1
1042124,1,0,1
1023041,1,1,1
1074114,1,0,1
1029884,1,0,1
1098549,1,1,1
1050492,1,0,1
1021683,1,0,1
1071337,1,0,1
1013288,1,0,1
1009856,1,1,1
1092613,1,0,1
1070030,1,0,1
1021568,1,1,1
1027701,1,1,1
1001037,1,0,1
1002043,1,0,1
1016149,1,1,1
1050394,1,1,1
1012845,1,1,1
1017002,1,0,1
1064725,1,0,1
1005241,1,1,1
1004662,1,0,1
1024612,1,1,1
1004690,1,0,1
1051511,1,0,1
1011121,1,0,1
1022007,1,1,1
1011797,1,0,1
1035771,1,0,1
1047277,1,1,1
1016464,1,1,1
1012536,1,0,1
1069651,1,1,1
1021826,1,1,1
1023421,1,0,1
1008851,1,0,1
1003276,1,0,1
1016502,1,0,1
1032755,1,0,1
1007873,1,1,1
1039761,1,1,1
1062889,1,0,1
1098671,1,0,1
1051822,1,0,1
1012486,1,1,1
1099703,1,0,1
1012335,1,0,1
1049883,1,0,1
1053902,1,1,1
1061583,1,0,1
1040668,1,1,1
1040804,1,1,1
1042777,1,0,1
1050026,1,1,1
1089986,1,0,1
1013848,1,0,1
1008872,1,1,1
1029276,1,0,1
1029735,1,0,1
1038676,1,1,1
1006734,1,1,1
1061599,1,0,1
1025641,1,1,1
1020735,1,0,1
1003106,1,1,1
1016197,1,0,1
1059531,1,0,1
1014233,1,0,1
1030173,1,0,1
1005069,1,1,1
1038575,1,0,1
1020855,1,1,1
1070461,1,0,1
1009804,1,0,1
1083989,1,0,1
1016867,1,0,1
1008948,1,1,1
1052523,1,0,1
1052922,1,0,1
1029807,1,0,1
1062652,1,1,1
1026961,1,0,1
1029883,1,1,1
1017661,1,0,1
1021555,1,0,1
1049193,1,0,1
1009877,1,1,1
1044079,1,1,1
1056228,1,1,1
1035022,1,0,1
1019649,1,1,1
1020528,1,0,1
1005612,1,1,1
1002877,1,0,1
1009440,1,0,1
1008163,1,1,1
1001314,1,0,1
1016052,1,0,1
1029503,1,0,1
1042674,1,1,1
1047359,1,1,1
1098810,1,1,1
1020574,1,0,1
1047151,1,1,1
1027448,1,0,1
1023244,1,1,1
1065192,1,0,1
1061799,1,0,1
1072119,1,0,1
1033957,1,1,1
1098964,1,1,1
1043059,1,0,1
1024954,1,0,1
1009329,1,0,1
1073637,1,0,1
1043436,1,1,1
1022421,1,0,1
1089950,1,0,1
1020885,1,1,1
1020235,1,0,1
1001912,1,1,1
1096688,1,0,1
1035180,1,1,1
1040540,1,0,1
1008844,1,1,1
1037511,1,1,1
1047572,1,0,1
1092189,1,0,1
1010776,1,0,1
1020970,1,0,1
1022424,1,0,1
1033427,1,0,1
1077477,1,0,1
1048081,1,0,1
1028126,1,0,1
1067423,1,0,1
1055437,1,1,1
1004941,1,0,1
1004877,1,1,1
1037833,1,0,1
1023481,1,1,1
1018678,1,1,1
1010318,1,0,1
1043637,1,0,1
1010845,1,1,1
1009506,1,0,1
1098742,1,0,1
1027590,1,0,1
1023941,1,0,1
1027118,1,0,1
1004213,1,1,1
1065583,1,0,1
1022923,1,1,1
1033567,1,0,1
1009720,1,1,1
1033324,1,0,1
1092019,1,1,1
1054320,1,0,1
1011709,1,0,1
1015418,1,1,1
1034314,1,1,1
1003847,1,1,1
1047434,1,0,1
1002276,1,1,1
1088812,1,0,1
1078638,1,0,1
1011283,1,1,1
1013382,1,1,1
1014568,1,1,1
1059053,1,0,1
1003216,1,1,1
1013614,1,1,1
1007689,1,0,1
1036197,1,0,1
1097974,1,1,1
1040615,1,1,1
1081328,1,1,1
1007264,1,0,1
1065416,1,0,1
1011322,1,1,1
1013258,1,0,1
1018673,1,1,1
1014418,1,0,1
1008557,1,1,1
1020096,1,0,1
1051646,1,0,1
1016216,1,1,1
1074919,1,1,1
1049424,1,0,1
1005436,1,0,1
1001612,1,1,1
1038895,1,0,1
1049855,1,0,1
1008232,1,1,1
1086178,1,0,1
1058974,1,0,1
1047142,1,1,1
1000887,1,1,1
1035766,1,1,1
1047598,1,0,1
1038126,1,1,1
1060773,1,0,1
1014246,1,1,1
1016204,1,0,1
1048116,1,1,1
1009416,1,1,1
1087739,1,0,1
1000935,1,1,1
1032125,1,1,1
1006881,1,0,1
1003636,1,0,1
1029848,1,0,1
1027851,1,0,1
1011987,1,1,1
1070964,1,0,1
1018604,1,1,1
1063785,1,0,1
1016131,1,1,1
1052616,1,0,1
1050040,1,0,1
1007852,1,0,1
1001217,1,1,1
1018163,1,0,1
1042901,1,0,1
1076641,1,0,1
1002386,1,1,1
1003122,1,0,1
1033369,1,0,1
1010142,1,1,1
1051130,1,0,1
1009754,1,1,1
1016850,1,1,1
1010006,1,1,1
1023586,1,0,1
1009241,1,0,1
1011965,1,1,1
1034102,1,0,1
1007238,1,0,1
1017144,1,0,1
1059190,1,1,1
1000998,1,1,1
1026835,1,0,1
1014919,1,0,1
1015390,1,0,1
1010350,1,1,1
1072359,1,0,1
1021516,1,0,1
1054147,1,0,1
1054924,1,0,1
1004186,1,1,1
1029878,1,0,1
1098378,1,1,1
1011768,1,1,1
1004728,1,0,1
1040554,1,0,1
1022795,1,1,1
1042026,1,1,1
1056222,1,0,1
1055128,1,1,1
1061495,1,0,1
1018002,1,0,1
1002683,1,1,1
1034821,1,1,1
1008172,1,1,1
1045319,1,0,1
1042854,1,0,1
1002964,1,1,1
1072057,1,1,1
1061343,1,0,1
1048237,1,0,1
1036882,1,0,1
1050453,1,0,1
1006234,1,1,1
1099246,1,0,1
1082580,1,1,1
1021498,1,1,1
1002413,1,1,1
1011661,1,1,1
1019320,1,0,1
1044243,1,0,1
1068029,1,0,1
1005786,1,0,1
1019044,1,0,1
1011960,1,0,1
1033803,1,0,1
1044225,1,0,1
1058765,1,0,1
1099382,1,0,1
1077931,1,1,1
1036491,1,1,1
1033510,1,0,1
1040317,1,1,1
1025952,1,1,1
1053566,1,0,1
1040742,1,1,1
1061491,1,0,1
1037475,1,0,1
1003854,1,1,1
1026324,1,0,1
1026204,1,1,1
1030281,1,0,1
1025604,1,1,1
1025933,1,0,1
1038764,1,0,1
1081158,1,1,1
1019971,1,0,1
1034698,1,0,1
1066468,1,0,1
1036715,1,1,1
1021707,1,0,1
1024861,1,1,1
1031026,1,1,1
1056640,1,0,1
1059914,1,0,1
1014174,1,1,1
1052577,1,0,1
1010175,1,1,1
1010664,1,1,1
1053376,1,0,1
1040998,1,0,1
1053378,1,0,1
1045234,1,1,1
1081166,1,1,1
1000614,1,0,1
1071978,1,0,1
1041013,1,0,1
1077982,1,0,1
1030842,1,0,1
1009892,1,1,1
1020647,1,1,1
1019302,1,1,1
1013106,1,1,1
1006091,1,1,1
1014763,1,0,1
1034689,1,1,1
1064987,1,1,1
1002718,1,1,1
1004394,1,0,1
1051880,1,1,1
1053907,1,0,1
1014326,1,1,1
1044891,1,1,1
1008089,1,1,1
1043422,1,1,1
1087826,1,0,1
1005141,1,1,1
1052683,1,1,1
1019577,1,0,1
1045485,1,1,1
1038494,1,0,1
1026804,1,1,1
1004049,1,1,1
1071797,1,1,1
1042084,1,0,1
1056836,1,0,1
1005953,1,1,1
1055382,1,0,1
1011095,1,1,1
1027943,1,0,1
1021272,1,0,1
1019830,1,1,1
1070037,1,0,1
1079673,1,1,1
1056234,1,1,1
1045924,1,0,1
1012523,1,1,1
1010524,1,0,1
1016316,1,1,1
1098238,1,0,1
1038849,1,0,1
1064603,1,0,1
1012172,1,0,1
1020112,1,0,1
1004603,1,0,1
1037216,1,0,1
1047398,1,0,1
1037344,1,0,1
1020517,1,1,1
1017579,1,0,1
1019995,1,0,1
1019182,1,1,1
1049783,1,0,1
1033447,1,1,1
1011676,1,0,1
1040870,1,0,1
1031562,1,0,1
1016695,1,0,1
1097822,1,0,1
1068534,1,1,1
1019235,1,0,1
1007285,1,1,1
1024225,1,0,1
1040339,1,0,1
1015255,1,0,1
1037257,1,0,1
1032929,1,0,1
1069033,1,0,1
1020320,1,0,1
1019431,1,0,1
1011884,1,0,1
1018099,1,0,1
1036036,1,1,1
1043014,1,0,1
1050327,1,0,1
1012980,1,1,1
1012399,1,0,1
1073734,1,0,1
1030615,1,0,1
1034688,1,1,1
1002485,1,1,1
1015484,1,0,1
1000469,1,1,1
1051561,1,0,1
1008189,1,1,1
1058708,1,0,1
1010912,1,0,1
1007316,1,0,1
1029404,1,0,1
1062461,1,0,1
1025770,1,0,1
1020480,1,0,1
1019489,1,1,1
1001526,1,1,1
1036404,1,1,1
1030750,1,1,1
1085571,1,1,1
1037428,1,1,1
1045188,1,0,1
1043662,1,0,1
1051257,1,0,1
1018576,1,1,1
1014552,1,0,1
1014491,1,0,1
1019233,1,0,1
1073302,1,0,1
1036901,1,1,1
1054409,1,0,1
1021406,1,1,1
1014249,1,1,1
1060852,1,0,1
1018784,1,0,1
1066901,1,0,1
1090696,1,0,1
1018372,1,1,1
1044970,1,0,1
1017944,1,1,1
1032532,1,1,1
1001839,1,0,1
1000879,1,1,1
1011492,1,0,1
1034937,1,1,1
1001138,1,0,1
1014968,1,1,1
1098861,1,0,1
1067130,1,0,1
1007955,1,0,1
1076493,1,1,1
1047322,1,1,1
1057852,1,0,1
1002740,1,1,1
1070736,1,0,1
1014512,1,0,1
1026934,1,0,1
1032763,1,0,1
1009396,1,1,1
1061196,1,0,1
1082238,1,1,1
1030989,1,0,1
1077272,1,0,1
1010685,1,1,1
1008568,1,1,1
1016694,1,1,1
1030870,1,1,1
1020033,1,1,1
1056566,1,0,1
1008906,1,1,1
1016335,1,0,1
1026599,1,1,1
1012641,1,0,1
1049231,1,0,1
1005071,1,1,1
1036870,1,1,1
1063032,1,0,1
1015371,1,1,1
1006027,1,1,1
1044193,1,0,1
1049593,1,0,1
1035006,1,1,1
1097702,1,1,1
1003905,1,1,1
1049981,1,0,1
1002612,1,0,1
1021255,1,1,1
1058782,1,0,1
1032895,1,0,1
1016352,1,0,1
1006425,1,1,1
1054196,1,0,1
1054116,1,1,1
1069972,1,0,1
1056557,1,0,1
1015286,1,1,1
1041700,1,0,1
1032422,1,0,1
1010584,1,1,1
1099554,1,1,1
1019367,1,0,1
1005131,1,1,1
1058395,1,1,1
1013366,1,0,1
1098433,1,0,1
1019654,1,0,1
1012769,1,1,1
1090144,1,0,1
1005563,1,0,1
1002070,1,1,1
1018872,1,0,1
1011148,1,1,1
1071806,1,0,1
1023825,1,0,1
1066873,1,1,1
1038927,1,0,1
1008583,1,1,1
1031359,1,1,1
1020406,1,1,1
1045503,1,0,1
1066660,1,0,1
1007868,1,0,1
1037744,1,0,1
1032257,1,0,1
1039124,1,1,1
1043573,1,1,1
1005721,1,1,1
1012513,1,0,1
1007147,1,1,1
1021612,1,0,1
1012276,1,1,1
1000504,1,1,1
1029565,1,0,1
1025739,1,1,1
1035453,1,1,1
1049143,1,0,1
1032153,1,0,1
1018763,1,1,1
1014111,1,1,1
1026888,1,0,1
1045780,1,1,1
1065602,1,0,1
1090245,1,0,1
1085560,1,0,1
1040770,1,0,1
1014076,1,1,1
1050018,1,0,1
1017106,1,1,1
1017091,1,1,1
1020890,1,0,1
1022286,1,1,1
1007711,1,0,1
1025490,1,0,1
1035183,1,0,1
1034514,1,1,1
1016341,1,0,1
1028188,1,0,1
1003293,1,1,1
1004319,1,1,1
1045784,1,0,1
1016717,1,0,1
1002984,1,0,1
1007343,1,1,1
1061418,1,0,1
1031952,1,0,1
1012675,1,0,1
1055284,1,0,1
1077545,1,0,1
1085809,1,0,1
1047843,1,1,1
1050498,1,0,1
1014393,1,0,1
1020223,1,1,1
1033098,1,0,1
1029082,1,1,1
1013214,1,1,1
1020031,1,0,1
1000082,1,1,1
1071093,1,0,1
1009485,1,0,1
1021719,1,1,1
1031843,1,0,1
1083298,1,0,1
1010795,1,0,1
1040856,1,0,1
1009564,1,0,1
1060760,1,0,1
1025030,1,1,1
1021542,1,0,1
1022731,1,1,1
1094853,1,1,1
1032771,1,0,1
1015161,1,0,1
1057173,1,0,1
1087213,1,0,1
1093656,1,0,1
1000608,1,1,1
1009192,1,1,1
1048447,1,1,1
1002636,1,0,1
1016833,1,1,1
1014075,1,1,1
1037761,1,1,1
1068909,1,0,1
1027148,1,1,1
1038773,1,0,1
1029678,1,1,1
1004178,1,1,1
1031748,1,0,1
1068381,1,0,1
1025394,1,1,1
1027343,1,1,1
1017139,1,1,1
1078155,1,0,1
1010184,1,1,1
1021154,1,0,1
1058664,1,0,1
1042099,1,0,1
1031904,1,0,1
1008128,1,1,1
1056940,1,1,1
1037525,1,0,1
1001510,1,0,1
1025542,1,1,1
1028018,1,0,1
1003120,1,1,1
1048046,1,0,1
1042283,1,1,1
1047782,1,1,1
1009936,1,1,1
1059164,1,0,1
1012897,1,0,1
1078260,1,0,1
1041028,1,0,1
1092026,1,0,1
1008559,1,1,1
1090248,1,0,1
1052276,1,0,1
1000459,1,0,1
1057175,1,1,1
1002245,1,0,1
1002064,1,1,1
1048858,1,0,1
1063136,1,0,1
1031121,1,0,1
1013892,1,0,1
1006568,1,1,1
1011136,1,1,1
1005294,1,1,1
1038943,1,1,1
1018543,1,0,1
1075031,1,1,1
1018223,1,0,1
1000241,1,1,1
1072644,1,0,1
1018814,1,0,1
1028965,1,0,1
1074998,1,0,1
1055240,1,0,1
1050254,1,1,1
1096143,1,0,1
1029295,1,1,1
1005479,1,0,1
1005840,1,0,1
1049696,1,1,1
1008487,1,1,1
1005438,1,0,1
1037421,1,1,1
1030020,1,0,1
1053053,1,0,1
1015648,1,0,1
1004390,1,1,1
1007146,1,0,1
1014294,1,1,1
1031368,1,0,1
1053516,1,1,1
1037050,1,0,1
1066424,1,0,1
1012917,1,1,1
1046407,1,0,1
1050104,1,0,1
1026086,1,0,1
1007104,1,0,1
1056491,1,1,1
1074866,1,1,1
1097682,1,0,1
1028261,1,0,1
1062082,1,0,1
1023989,1,0,1
1011917,1,1,1
1003010,1,1,1
1035032,1,0,1
1044165,1,1,1
1077029,1,0,1
1072381,1,0,1
1019002,1,1,1
1004088,1,0,1
1040484,1,0,1
1049979,1,0,1
1010472,1,1,1
1048915,1,1,1
1029838,1,0,1
1072006,1,0,1
1033883,1,0,1
1012693,1,0,1
1047496,1,0,1
1006678,1,1,1
1048058,1,0,1
1000782,1,0,1
1002902,1,1,1
1004917,1,0,1
1015100,1,1,1
1020436,1,1,1
1054760,1,0,1
1051719,1,0,1
1088740,1,0,1
1031770,1,0,1
1037623,1,0,1
1071372,1,1,1
1019031,1,0,1
1036847,1,0,1
1010119,1,0,1
1027001,1,0,1
1016265,1,0,1
1000692,1,0,1
1019306,1,0,1
1004280,1,1,1
1037737,1,0,1
1007048,1,0,1
1014830,1,1,1
1029150,1,0,1
1012203,1,1,1
1037262,1,1,1
1046487,1,0,1
1016127,1,0,1
1055929,1,0,1
1019328,1,0,1
1057325,1,0,1
1007157,1,1,1
1079455,1,0,1
1008755,1,1,1
1031151,1,0,1
1045311,1,0,1
1051747,1,0,1
1008987,1,0,1
1092842,1,0,1
1026158,1,0,1
1023824,1,1,1
1000529,1,1,1
1089281,1,0,1
1033626,1,1,1
1067485,1,1,1
1017949,1,0,1
1041859,1,0,1
1043306,1,0,1
1023508,1,0,1
1001523,1,0,1
1074638,1,0,1
1037904,1,0,1
1013636,1,1,1
1042169,1,0,1
1012745,1,1,1
1016757,1,0,1
1016984,1,0,1
1012506,1,1,1
1002838,1,0,1
1004727,1,1,1
1036460,1,0,1
1021714,1,1,1
1040865,1,0,1
1034259,1,0,1
1024423,1,1,1
1021376,1,1,1
1039753,1,0,1
1026633,1,0,1
1035584,1,1,1
1058825,1,0,1
1019493,1,0,1
1014962,1,1,1
1081891,1,0,1
1030243,1,0,1
1072318,1,1,1
1080614,1,0,1
1058525,1,0,1
1000144,1,1,1
1081258,1,0,1
1033607,1,1,1
1068527,1,0,1
1017995,1,0,1
1044815,1,0,1
1021692,1,1,1
1027169,1,0,1
1008309,1,0,1
1003341,1,0,1
1091431,1,0,1
1001322,1,1,1
1019104,1,1,1
1083795,1,1,1
1038923,1,0,1
1025238,1,1,1
1018958,1,0,1
1098919,1,0,1
1008291,1,1,1
1001042,1,1,1
1049336,1,1,1
1097595,1,1,1
1045393,1,1,1
1032743,1,0,1
1031207,1,0,1
1041173,1,1,1
1059182,1,1,1
1020649,1,0,1
1002692,1,0,1
1000025,1,1,0
1000058,1,0,0
1000073,1,0,0
1000106,1,1,0
1000113,1,1,0
1000153,1,0,0
1000289,1,0,0
1000323,1,1,0
1000327,1,0,0
1000332,1,1,0
1000360,1,1,0
1000361,1,1,0
1000390,1,1,0
1000443,1,0,0
1000454,1,1,0
1000457,1,1,0
1000511,1,1,0
1000601,1,0,0
1000610,1,0,0
1000652,1,0,0
1000665,1,0,0
1000686,1,1,0
1000694,1,0,0
1000696,1,0,0
1000705,1,1,0
1000713,1,1,0
1000740,1,1,0
1000762,1,0,0
1000787,1,1,0
1000807,1,0,0
1000817,1,0,0
1000846,1,0,0
1000858,1,0,0
1000870,1,1,0
1000873,1,1,0
1000878,1,0,0
1000905,1,0,0
1000910,1,1,0
1000913,1,1,0
1000946,1,1,0
1000953,1,1,0
1000954,1,0,0
1000959,1,1,0
1000966,1,0,0
1000969,1,0,0
1000992,1,0,0
1000995,1,1,0
1001048,1,1,0
1001052,1,1,0
1001053,1,0,0
1001054,1,0,0
1001061,1,1,0
1001071,1,1,0
1001090,1,1,0
1001097,1,1,0
1001112,1,1,0
1001123,1,0,0
1001128,1,0,0
1001168,1,0,0
1001184,1,1,0
1001185,1,0,0
1001196,1,1,0
1001207,1,1,0
1001221,1,1,0
1001276,1,0,0
1001286,1,0,0
1001295,1,1,0
1001306,1,1,0
1001317,1,0,0
1001373,1,1,0
1001381,1,0,0
1001388,1,0,0
1001393,1,1,0
1001439,1,1,0
1001484,1,0,0
1001487,1,0,0
1001519,1,0,0
1001537,1,1,0
1001552,1,0,0
1001562,1,1,0
1001618,1,0,0
1001623,1,1,0
1001651,1,0,0
1001687,1,0,0
1001716,1,0,0
1001771,1,0,0
1001775,1,0,0
1001793,1,1,0
1001825,1,0,0
1001865,1,0,0
1001873,1,0,0
1001937,1,0,0
1001977,1,1,0
1001990,1,0,0
1001993,1,1,0
1002025,1,1,0
1002086,1,0,0
1002100,1,0,0
1002142,1,0,0
1002184,1,1,0
1002189,1,0,0
1002217,1,0,0
1002239,1,1,0
1002278,1,0,0
1002281,1,1,0
1002284,1,1,0
1002343,1,0,0
1002350,1,0,0
1002393,1,0,0
1002423,1,0,0
1002439,1,1,0
1002450,1,1,0
1002461,1,1,0
1002497,1,1,0
1002548,1,0,0
1002553,1,0,0
1002564,1,1,0
1002566,1,1,0
1002590,1,1,0
1002607,1,0,0
1002615,1,0,0
1002651,1,0,0
1002658,1,1,0
1002664,1,0,0
1002691,1,0,0
1002738,1,0,0
1002765,1,0,0
1002773,1,1,0
1002786,1,1,0
1002819,1,1,0
1002848,1,1,0
1002852,1,0,0
1002873,1,0,0
1002885,1,1,0
1002887,1,0,0
1002927,1,1,0
1002937,1,1,0
1002954,1,1,0
1002969,1,1,0
1003008,1,1,0
1003029,1,0,0
1003044,1,0,0
1003059,1,1,0
1003103,1,0,0
1003117,1,0,0
1003126,1,0,0
1003144,1,0,0
1003176,1,1,0
1003192,1,1,0
1003202,1,0,0
1003219,1,0,0
1003221,1,0,0
1003253,1,0,0
1003260,1,0,0
1003266,1,0,0
1003274,1,1,0
1003279,1,0,0
1003303,1,0,0
1003315,1,1,0
1003337,1,0,0
1003359,1,0,0
1003366,1,0,0
1003383,1,0,0
1003398,1,0,0
1003455,1,1,0
1003467,1,0,0
1003479,1,0,0
1003485,1,1,0
1003495,1,0,0
1003501,1,1,0
1003504,1,0,0
1003509,1,1,0
1003546,1,0,0
1003550,1,0,0
1003604,1,0,0
1003640,1,1,0
1003659,1,0,0
1003668,1,1,0
1003670,1,0,0
1003722,1,1,0
1003744,1,1,0
1003750,1,1,0
1003773,1,0,0
1003784,1,0,0
1003793,1,1,0
1003797,1,1,0
1003800,1,0,0
1003802,1,0,0
1003813,1,1,0
1003814,1,1,0
1003815,1,1,0
1003823,1,1,0
1003834,1,0,0
1003848,1,0,0
1003857,1,0,0
1003867,1,1,0
1003882,1,0,0
1003960,1,1,0
1003987,1,0,0
1004045,1,0,0
1004056,1,1,0
1004137,1,0,0
1004158,1,0,0
1004161,1,0,0
1004168,1,0,0
1004171,1,1,0
1004179,1,0,0
1004196,1,1,0
1004204,1,0,0
1004241,1,0,0
1004242,1,0,0
1004254,1,1,0
1004266,1,0,0
1004308,1,0,0
1004343,1,1,0
1004431,1,1,0
1004438,1,1,0
1004474,1,1,0
1004515,1,1,0
1004522,1,1,0
1004528,1,0,0
1004534,1,0,0
1004569,1,1,0
1004586,1,0,0
1004607,1,1,0
1004627,1,0,0
1004646,1,0,0
1004660,1,0,0
1004689,1,0,0
1004704,1,0,0
1004739,1,0,0
1004744,1,1,0
1004745,1,0,0
1004754,1,1,0
1004759,1,0,0
1004760,1,0,0
1004775,1,1,0
1004777,1,1,0
1004788,1,1,0
1004795,1,0,0
1004796,1,0,0
1004809,1,1,0
1004810,1,1,0
1004813,1,0,0
1004825,1,1,0
1004829,1,0,0
1004830,1,0,0
1004854,1,0,0
1004868,1,1,0
1004876,1,1,0
1004881,1,1,0
1004909,1,0,0
1004924,1,0,0
1004956,1,1,0
1004963,1,0,0
1004980,1,0,0
1005016,1,1,0
1005023,1,1,0
1005029,1,0,0
1005045,1,1,0
1005055,1,0,0
1005061,1,0,0
1005073,1,0,0
1005120,1,1,0
1005130,1,1,0
1005164,1,0,0
1005172,1,1,0
1005191,1,1,0
1005207,1,0,0
1005217,1,0,0
1005227,1,1,0
1005250,1,1,0
1005251,1,0,0
1005279,1,1,0
1005281,1,0,0
1005309,1,0,0
1005339,1,0,0
1005371,1,0,0
1005395,1,0,0
1005467,1,0,0
1005480,1,1,0
1005502,1,0,0
1005511,1,1,0
1005513,1,1,0
1005530,1,0,0
1005532,1,1,0
1005535,1,1,0
1005577,1,0,0
1005596,1,1,0
1005624,1,0,0
1005642,1,1,0
1005660,1,0,0
1005695,1,0,0
1005696,1,0,0
1005741,1,0,0
1005755,1,0,0
1005785,1,0,0
1005787,1,0,0
1005793,1,1,0
1005796,1,1,0
1005809,1,0,0
1005810,1,0,0
1005835,1,1,0
1005844,1,1,0
1005923,1,0,0
1005928,1,0,0
1005939,1,0,0
1005949,1,1,0
1005957,1,0,0
1005968,1,1,0
1005982,1,1,0
1005993,1,0,0
1006046,1,0,0
1006056,1,1,0
1006065,1,0,0
1006119,1,1,0
1006158,1,0,0
1006191,1,1,0
1006220,1,1,0
1006228,1,0,0
1006231,1,0,0
1006250,1,1,0
1006268,1,0,0
1006273,1,0,0
1006278,1,1,0
1006304,1,1,0
1006330,1,1,0
1006332,1,0,0
1006373,1,1,0
1006390,1,1,0
1006405,1,0,0
1006435,1,0,0
1006446,1,1,0
1006512,1,0,0
1006535,1,0,0
1006560,1,0,0
1006566,1,1,0
1006572,1,1,0
1006583,1,0,0
1006603,1,1,0
1006604,1,0,0
1006606,1,1,0
1006623,1,0,0
1006640,1,0,0
1006707,1,0,0
1006735,1,1,0
1006749,1,1,0
1006750,1,0,0
1006753,1,0,0
1006792,1,0,0
1006814,1,1,0
1006842,1,1,0
1006862,1,1,0
1006876,1,1,0
1006882,1,0,0
1006886,1,0,0
1006890,1,0,0
1006894,1,1,0
1006913,1,1,0
1006935,1,1,0
1006949,1,1,0
1006957,1,0,0
1006989,1,0,0
1007009,1,0,0
1007012,1,1,0
1007022,1,0,0
1007034,1,1,0
1007035,1,1,0
1007059,1,1,0
1007060,1,1,0
1007072,1,0,0
1007075,1,1,0
1007086,1,0,0
1007154,1,0,0
1007169,1,0,0
1007170,1,0,0
1007172,1,0,0
1007183,1,0,0
1007208,1,1,0
1007222,1,0,0
1007234,1,1,0
1007235,1,0,0
1007239,1,1,0
1007257,1,0,0
1007261,1,0,0
1007275,1,0,0
1007346,1,1,0
1007361,1,0,0
1007371,1,1,0
1007399,1,0,0
1007417,1,0,0
1007430,1,1,0
1007453,1,1,0
1007481,1,0,0
1007489,1,1,0
1007497,1,1,0
1007543,1,0,0
1007555,1,1,0
1007564,1,1,0
1007576,1,1,0
1007590,1,0,0
1007613,1,0,0
1007614,1,0,0
1007629,1,1,0
1007644,1,1,0
1007661,1,0,0
1007692,1,0,0
1007709,1,0,0
1007724,1,1,0
1007725,1,1,0
1007754,1,1,0
1007762,1,0,0
1007771,1,0,0
1007773,1,1,0
1007776,1,1,0
1007792,1,1,0
1007799,1,1,0
1007802,1,1,0
1007857,1,0,0
1007871,1,0,0
1007883,1,0,0
1007904,1,0,0
1007915,1,1,0
1007927,1,0,0
1007963,1,0,0
1007974,1,1,0
1007976,1,0,0
1007978,1,0,0
1008011,1,1,0
1008045,1,1,0
1008085,1,1,0
1008096,1,0,0
1008131,1,0,0
1008134,1,0,0
1008137,1,0,0
1008153,1,1,0
1008211,1,1,0
1008228,1,1,0
1008336,1,0,0
1008338,1,1,0
1008373,1,1,0
1008395,1,1,0
1008457,1,1,0
1008459,1,1,0
1008493,1,0,0
1008496,1,0,0
1008522,1,0,0
1008526,1,1,0
1008565,1,0,0
1008582,1,0,0
1008627,1,1,0
1008638,1,0,0
1008641,1,0,0
1008657,1,0,0
1008676,1,0,0
1008690,1,0,0
1008772,1,0,0
1008779,1,0,0
1008785,1,0,0
1008821,1,1,0
1008834,1,1,0
1008837,1,1,0
1008862,1,1,0
1008881,1,1,0
1008890,1,1,0
1008897,1,0,0
1008904,1,0,0
1008909,1,0,0
1008924,1,1,0
1008932,1,0,0
1008939,1,1,0
1008982,1,1,0
1008994,1,0,0
1008998,1,1,0
1009012,1,0,0
1009029,1,0,0
1009042,1,1,0
1009043,1,1,0
1009062,1,0,0
1009084,1,1,0
1009087,1,0,0
1009109,1,1,0
1009141,1,0,0
1009188,1,1,0
1009197,1,0,0
1009215,1,1,0
1009226,1,1,0
1009240,1,0,0
1009277,1,0,0
1009279,1,1,0
1009293,1,0,0
1009331,1,1,0
1009335,1,1,0
1009364,1,1,0
1009374,1,0,0
1009380,1,1,0
1009390,1,0,0
1009391,1,0,0
1009441,1,1,0
1009442,1,1,0
1009447,1,1,0
1009456,1,1,0
1009457,1,0,0
1009464,1,1,0
1009493,1,0,0
1009519,1,1,0
1009523,1,0,0
1009533,1,0,0
1009542,1,1,0
1009575,1,1,0
1009579,1,0,0
1009583,1,0,0
1009592,1,1,0
1009594,1,1,0
1009595,1,1,0
1009610,1,0,0
1009616,1,1,0
1009619,1,0,0
1009629,1,1,0
1009650,1,1,0
1009685,1,1,0
1009728,1,0,0
1009751,1,0,0
1009761,1,0,0
1009821,1,1,0
1009840,1,0,0
1009863,1,1,0
1009894,1,0,0
1009899,1,0,0
1009906,1,0,0
1009919,1,1,0
1009929,1,1,0
1009933,1,1,0
1009934,1,0,0
1009943,1,0,0
1009956,1,1,0
1009967,1,1,0
1009972,1,1,0
1009985,1,0,0
1010004,1,1,0
1010016,1,1,0
1010019,1,1,0
1010045,1,0,0
1010073,1,1,0
1010093,1,1,0
1010136,1,0,0
1010137,1,0,0
1010170,1,1,0
1010202,1,0,0
1010205,1,1,0
1010240,1,0,0
1010249,1,1,0
1010301,1,1,0
1010317,1,0,0
1010334,1,1,0
1010347,1,1,0
1010368,1,1,0
1010380,1,1,0
1010437,1,0,0
1010481,1,1,0
1010492,1,0,0
1010536,1,0,0
1010539,1,1,0
1010541,1,0,0
1010543,1,1,0
1010567,1,1,0
1010569,1,0,0
1010609,1,0,0
1010634,1,1,0
1010636,1,1,0
1010641,1,1,0
1010643,1,1,0
1010654,1,0,0
1010684,1,1,0
1010692,1,1,0
1010772,1,1,0
1010792,1,1,0
1010816,1,1,0
1010838,1,1,0
1010847,1,1,0
1010863,1,0,0
1010875,1,0,0
1010894,1,0,0
1010904,1,1,0
1010905,1,0,0
1010932,1,1,0
1010945,1,0,0
1010958,1,1,0
1010972,1,0,0
1010988,1,0,0
1011001,1,0,0
1011018,1,1,0
1011060,1,0,0
1011063,1,1,0
1011068,1,0,0
1011069,1,0,0
1011085,1,1,0
1011086,1,1,0
1011087,1,0,0
1011093,1,1,0
1011171,1,0,0
1011182,1,1,0
1011188,1,0,0
1011201,1,1,0
1011227,1,1,0
1011234,1,0,0
1011237,1,1,0
1011292,1,0,0
1011315,1,1,0
1011317,1,1,0
1011321,1,0,0
1011345,1,0,0
1011371,1,0,0
1011373,1,0,0
1011407,1,0,0
1011414,1,0,0
1011423,1,0,0
1011453,1,1,0
1011459,1,1,0
1011521,1,0,0
1011547,1,1,0
1011551,1,1,0
1011565,1,0,0
1011574,1,1,0
1011585,1,0,0
1011658,1,1,0
1011669,1,0,0
1011675,1,0,0
1011686,1,1,0
1011691,1,1,0
1011704,1,0,0
1011749,1,1,0
1011762,1,1,0
1011799,1,0,0
1011800,1,0,0
1011810,1,1,0
1011830,1,0,0
1011839,1,0,0
1011889,1,1,0
1011901,1,1,0
1011915,1,1,0
1011966,1,0,0
1011989,1,0,0
1012010,1,1,0
1012015,1,0,0
1012038,1,1,0
1012045,1,0,0
1012055,1,0,0
1012095,1,0,0
1012097,1,0,0
1012138,1,0,0
1012143,1,0,0
1012153,1,0,0
1012161,1,1,0
1012163,1,0,0
1012198,1,0,0
1012237,1,0,0
1012245,1,0,0
1012254,1,0,0
1012257,1,0,0
1012264,1,0,0
1012274,1,0,0
1012287,1,1,0
1012305,1,1,0
1012310,1,0,0
1012355,1,1,0
1012356,1,0,0
1012368,1,1,0
1012373,1,0,0
1012381,1,0,0
1012397,1,0,0
1012434,1,0,0
1012443,1,1,0
1012468,1,1,0
1012473,1,0,0
1012560,1,1,0
1012570,1,0,0
1012598,1,0,0
1012599,1,1,0
1012616,1,0,0
1012640,1,0,0
1012653,1,1,0
1012662,1,0,0
1012663,1,1,0
1012688,1,0,0
1012692,1,1,0
1012700,1,1,0
1012715,1,1,0
1012737,1,0,0
1012784,1,1,0
1012818,1,0,0
1012855,1,0,0
1012932,1,1,0
1012938,1,0,0
1012964,1,1,0
1013004,1,1,0
1013013,1,1,0
1013033,1,0,0
1013049,1,1,0
1013066,1,1,0
1013074,1,0,0
1013104,1,1,0
1013113,1,0,0
1013122,1,0,0
1013140,1,0,0
1013143,1,0,0
1013170,1,1,0
1013186,1,0,0
1013203,1,1,0
1013247,1,0,0
1013276,1,0,0
1013290,1,1,0
1013296,1,0,0
1013328,1,0,0
1013350,1,0,0
1013358,1,1,0
1013373,1,1,0
1013391,1,0,0
1013403,1,1,0
1013404,1,0,0
1013413,1,0,0
1013444,1,0,0
1013458,1,0,0
1013466,1,0,0
1013470,1,0,0
1013525,1,1,0
1013539,1,0,0
1013542,1,0,0
1013549,1,1,0
1013588,1,1,0
1013635,1,0,0
1013678,1,1,0
1013690,1,0,0
1013791,1,1,0
1013807,1,0,0
1013830,1,1,0
1013834,1,0,0
1013845,1,1,0
1013847,1,0,0
1013888,1,0,0
1013890,1,0,0
1013891,1,1,0
1013917,1,0,0
1013943,1,0,0
1013944,1,1,0
1013952,1,0,0
1013971,1,0,0
1013976,1,1,0
1013993,1,1,0
1013995,1,1,0
1013998,1,1,0
1014021,1,0,0
1014038,1,0,0
1014073,1,0,0
1014079,1,0,0
1014084,1,1,0
1014089,1,1,0
1014102,1,0,0
1014107,1,0,0
1014110,1,1,0
1014127,1,0,0
1014135,1,0,0
1014183,1,0,0
1014220,1,1,0
1014239,1,0,0
1014240,1,1,0
1014245,1,0,0
1014248,1,1,0
1014253,1,0,0
1014287,1,0,0
1014288,1,1,0
1014315,1,1,0
1014319,1,0,0
1014333,1,0,0
1014347,1,0,0
1014359,1,0,0
1014372,1,1,0
1014376,1,0,0
1014377,1,1,0
1014385,1,0,0
1014400,1,0,0
1014402,1,0,0
1014431,1,0,0
1014435,1,0,0
1014461,1,0,0
1014476,1,0,0
1014485,1,1,0
1014488,1,1,0
1014504,1,0,0
1014528,1,0,0
1014543,1,1,0
1014579,1,0,0
1014601,1,1,0
1014639,1,0,0
1014645,1,0,0
1014672,1,0,0
1014702,1,0,0
1014733,1,0,0
1014780,1,0,0
1014787,1,0,0
1014814,1,1,0
1014815,1,1,0
1014821,1,0,0
1014826,1,0,0
1014837,1,0,0
1014838,1,0,0
1014864,1,1,0
1014888,1,0,0
1014890,1,0,0
1014898,1,1,0
1014934,1,0,0
1014941,1,1,0
1014971,1,1,0
1014973,1,0,0
1015010,1,0,0
1015016,1,0,0
1015027,1,1,0
1015028,1,1,0
1015043,1,0,0
1015058,1,1,0
1015098,1,0,0
1015111,1,0,0
1015112,1,0,0
1015119,1,1,0
1015124,1,1,0
1015143,1,1,0
1015173,1,0,0
1015202,1,0,0
1015207,1,0,0
1015222,1,1,0
1015242,1,0,0
1015245,1,0,0
1015252,1,0,0
1015267,1,0,0
1015287,1,1,0
1015298,1,1,0
1015344,1,0,0
1015364,1,1,0
1015372,1,1,0
1015392,1,1,0
1015399,1,0,0
1015461,1,1,0
1015543,1,1,0
1015558,1,0,0
1015561,1,0,0
1015572,1,0,0
1015592,1,0,0
1015599,1,0,0
1015631,1,0,0
1015646,1,0,0
1015677,1,0,0
1015705,1,0,0
1015714,1,0,0
1015729,1,0,0
1015742,1,1,0
1015747,1,1,0
1015750,1,0,0
1015752,1,0,0
1015759,1,0,0
1015807,1,0,0
1015816,1,1,0
1015824,1,0,0
1015845,1,1,0
1015854,1,1,0
1015862,1,1,0
1015873,1,1,0
1015875,1,0,0
1015876,1,1,0
1015878,1,1,0
1015890,1,0,0
1015894,1,1,0
1015902,1,1,0
1015910,1,1,0
1015929,1,1,0
1015934,1,0,0
1015970,1,0,0
1015977,1,0,0
1016058,1,0,0
1016063,1,0,0
1016065,1,0,0
1016088,1,0,0
1016094,1,1,0
1016108,1,1,0
1016109,1,0,0
1016118,1,0,0
1016145,1,1,0
1016151,1,0,0
1016168,1,0,0
1016192,1,1,0
1016201,1,1,0
1016203,1,0,0
1016229,1,0,0
1016236,1,1,0
1016240,1,1,0
1016281,1,0,0
1016303,1,0,0
1016327,1,1,0
1016371,1,0,0
1016376,1,1,0
1016377,1,0,0
1016399,1,1,0
1016425,1,0,0
1016442,1,1,0
1016443,1,1,0
1016453,1,0,0
1016474,1,0,0
1016477,1,1,0
1016538,1,0,0
1016548,1,1,0
1016562,1,0,0
1016586,1,1,0
1016594,1,1,0
1016615,1,1,0
1016640,1,0,0
1016647,1,0,0
1016685,1,0,0
1016691,1,1,0
1016725,1,1,0
1016727,1,0,0
1016738,1,0,0
1016785,1,0,0
1016795,1,1,0
1016810,1,0,0
1016828,1,1,0
1016840,1,0,0
1016858,1,0,0
1016897,1,0,0
1016936,1,1,0
1016942,1,0,0
1016951,1,0,0
1016956,1,0,0
1017090,1,1,0
1017103,1,0,0
1017121,1,0,0
1017130,1,1,0
1017181,1,1,0
1017186,1,0,0
1017246,1,1,0
1017264,1,0,0
1017266,1,1,0
1017268,1,0,0
1017270,1,0,0
1017273,1,0,0
1017289,1,1,0
1017296,1,0,0
1017313,1,0,0
1017326,1,1,0
1017342,1,1,0
1017419,1,0,0
1017438,1,1,0
1017452,1,0,0
1017453,1,0,0
1017456,1,0,0
1017458,1,0,0
1017539,1,0,0
1017547,1,1,0
1017548,1,1,0
1017569,1,0,0
1017618,1,1,0
1017620,1,1,0
1017624,1,0,0
1017640,1,0,0
1017679,1,0,0
1017690,1,1,0
1017705,1,1,0
1017738,1,0,0
1017740,1,0,0
1017768,1,0,0
1017772,1,1,0
1017784,1,1,0
1017785,1,0,0
1017788,1,0,0
1017810,1,1,0
1017871,1,1,0
1017888,1,0,0
1017943,1,1,0
1017958,1,0,0
1017960,1,0,0
1017962,1,1,0
1017963,1,0,0
1017964,1,1,0
1017966,1,0,0
1017974,1,0,0
1018013,1,0,0
1018035,1,1,0
1018053,1,0,0
1018066,1,0,0
1018072,1,0,0
1018078,1,0,0
1018112,1,0,0
1018142,1,1,0
1018159,1,0,0
1018161,1,1,0
1018203,1,1,0
1018229,1,0,0
1018295,1,0,0
1018297,1,1,0
1018309,1,0,0
1018319,1,0,0
1018320,1,1,0
1018324,1,0,0
1018330,1,0,0
1018349,1,0,0
1018357,1,0,0
1018405,1,1,0
1018414,1,1,0
1018445,1,0,0
1018447,1,0,0
1018452,1,0,0
1018455,1,1,0
1018460,1,1,0
1018489,1,0,0
1018560,1,0,0
1018563,1,0,0
1018581,1,1,0
1018595,1,0,0
1018605,1,1,0
1018648,1,0,0
1018661,1,0,0
1018677,1,1,0
1018698,1,0,0
1018699,1,1,0
1018740,1,0,0
1018744,1,0,0
1018759,1,1,0
1018780,1,1,0
1018828,1,1,0
1018900,1,0,0
1018901,1,0,0
1018913,1,0,0
1018920,1,1,0
1018941,1,0,0
1018976,1,0,0
1019005,1,0,0
1019009,1,1,0
1019021,1,1,0
1019050,1,1,0
1019051,1,0,0
1019062,1,1,0
1019068,1,1,0
1019072,1,0,0
1019078,1,0,0
1019100,1,1,0
1019112,1,1,0
1019139,1,1,0
1019140,1,0,0
1019154,1,1,0
1019160,1,1,0
1019162,1,0,0
1019175,1,1,0
1019176,1,1,0
1019196,1,1,0
1019199,1,0,0
1019206,1,0,0
1019207,1,0,0
1019243,1,1,0
1019260,1,0,0
1019267,1,0,0
1019276,1,0,0
1019280,1,1,0
1019290,1,1,0
1019294,1,0,0
1019312,1,1,0
1019323,1,0,0
1019329,1,1,0
1019357,1,0,0
1019365,1,0,0
1019375,1,0,0
1019395,1,1,0
1019443,1,0,0
1019462,1,0,0
1019471,1,1,0
1019480,1,0,0
1019520,1,0,0
1019523,1,0,0
1019560,1,1,0
1019579,1,0,0
1019584,1,0,0
1019588,1,1,0
1019618,1,0,0
1019624,1,0,0
1019671,1,0,0
1019683,1,0,0
1019693,1,0,0
1019715,1,0,0
1019774,1,0,0
1019777,1,1,0
1019820,1,1,0
1019905,1,0,0
1019909,1,1,0
1019923,1,1,0
1019935,1,1,0
1019996,1,1,0
1020012,1,0,0
1020019,1,1,0
1020046,1,1,0
1020069,1,0,0
1020127,1,0,0
1020133,1,1,0
1020139,1,0,0
1020200,1,0,0
1020216,1,0,0
1020262,1,1,0
1020265,1,1,0
1020319,1,1,0
1020335,1,1,0
1020352,1,0,0
1020371,1,1,0
1020392,1,0,0
1020398,1,1,0
1020401,1,0,0
1020416,1,0,0
1020430,1,0,0
1020441,1,1,0
1020447,1,0,0
1020491,1,0,0
1020512,1,1,0
1020518,1,0,0
1020550,1,1,0
1020602,1,0,0
1020603,1,0,0
1020604,1,0,0
1020621,1,0,0
1020629,1,0,0
1020648,1,0,0
1020657,1,0,0
1020690,1,0,0
1020697,1,1,0
1020703,1,1,0
1020706,1,0,0
1020714,1,1,0
1020733,1,1,0
1020743,1,0,0
1020747,1,1,0
1020754,1,1,0
1020777,1,0,0
1020790,1,0,0
1020794,1,1,0
1020881,1,1,0
1020907,1,0,0
1020913,1,0,0
1020914,1,1,0
1020915,1,1,0
1020975,1,0,0
1020980,1,1,0
1020994,1,1,0
1021000,1,0,0
1021004,1,0,0
1021073,1,1,0
1021078,1,0,0
1021082,1,0,0
1021094,1,0,0
1021136,1,1,0
1021155,1,0,0
1021158,1,1,0
1021163,1,0,0
1021168,1,0,0
1021187,1,1,0
1021211,1,1,0
1021221,1,0,0
1021247,1,1,0
1021266,1,0,0
1021270,1,0,0
1021275,1,0,0
1021285,1,0,0
1021291,1,0,0
1021318,1,0,0
1021327,1,1,0
1021343,1,0,0
1021380,1,0,0
1021427,1,0,0
1021454,1,1,0
1021456,1,1,0
1021457,1,0,0
1021470,1,1,0
1021490,1,1,0
1021539,1,1,0
1021582,1,0,0
1021588,1,0,0
1021594,1,0,0
1021596,1,0,0
1021599,1,1,0
1021610,1,0,0
1021629,1,0,0
1021695,1,0,0
1021703,1,0,0
1021718,1,1,0
1021727,1,1,0
1021730,1,0,0
1021750,1,1,0
1021765,1,1,0
1021787,1,1,0
1021794,1,0,0
1021849,1,0,0
1021852,1,0,0
1021859,1,0,0
1021899,1,1,0
1021909,1,1,0
1021940,1,1,0
1021996,1,0,0
1022022,1,0,0
1022028,1,1,0
1022040,1,0,0
1022050,1,0,0
1022075,1,1,0
1022086,1,0,0
1022153,1,1,0
1022161,1,0,0
1022176,1,0,0
1022180,1,0,0
1022202,1,1,0
1022227,1,0,0
1022253,1,1,0
1022288,1,0,0
1022309,1,1,0
1022328,1,0,0
1022335,1,1,0
1022351,1,0,0
1022356,1,0,0
1022384,1,1,0
1022422,1,0,0
1022460,1,0,0
1022478,1,1,0
1022510,1,0,0
1022554,1,0,0
1022576,1,0,0
1022607,1,1,0
1022612,1,1,0
1022623,1,0,0
1022654,1,0,0
1022656,1,0,0
1022678,1,1,0
1022680,1,0,0
1022684,1,1,0
1022685,1,1,0
1022703,1,0,0
1022753,1,0,0
1022755,1,1,0
1022821,1,1,0
1022842,1,1,0
1022853,1,0,0
1022891,1,0,0
1022900,1,0,0
1022932,1,1,0
1022933,1,0,0
1022943,1,0,0
1022946,1,0,0
1022961,1,1,0
1022964,1,1,0
1022981,1,0,0
1023009,1,0,0
1023011,1,0,0
1023022,1,1,0
1023052,1,0,0
1023068,1,0,0
1023075,1,0,0
1023099,1,0,0
1023116,1,0,0
1023119,1,1,0
1023220,1,0,0
1023231,1,0,0
1023243,1,0,0
1023259,1,1,0
1023338,1,1,0
1023396,1,1,0
1023402,1,0,0
1023420,1,0,0
1023464,1,0,0
1023493,1,0,0
1023511,1,1,0
1023517,1,0,0
1023560,1,1,0
1023587,1,1,0
1023609,1,0,0
1023618,1,0,0
1023641,1,1,0
1023658,1,0,0
1023679,1,0,0
1023718,1,0,0
1023720,1,0,0
1023732,1,0,0
1023739,1,0,0
1023752,1,0,0
1023763,1,0,0
1023776,1,0,0
1023780,1,0,0
1023794,1,1,0
1023821,1,0,0
1023823,1,1,0
1023831,1,1,0
1023857,1,1,0
1023871,1,1,0
1023886,1,1,0
1023896,1,0,0
1023921,1,0,0
1023927,1,1,0
1023939,1,0,0
1023959,1,1,0
1023986,1,1,0
1024019,1,0,0
1024057,1,0,0
1024072,1,1,0
1024075,1,1,0
1024123,1,0,0
1024159,1,0,0
1024175,1,1,0
1024209,1,1,0
1024242,1,1,0
1024246,1,0,0
1024252,1,1,0
1024265,1,1,0
1024267,1,1,0
1024292,1,0,0
1024334,1,0,0
1024345,1,0,0
1024351,1,1,0
1024456,1,0,0
1024460,1,0,0
1024472,1,0,0
1024478,1,1,0
1024495,1,0,0
1024509,1,0,0
1024587,1,1,0
1024621,1,0,0
1024625,1,0,0
1024658,1,0,0
1024681,1,0,0
1024726,1,0,0
1024745,1,0,0
1024754,1,1,0
1024771,1,1,0
1024786,1,0,0
1024804,1,1,0
1024823,1,0,0
1024840,1,0,0
1024893,1,1,0
1024900,1,0,0
1024908,1,1,0
1024920,1,1,0
1024938,1,0,0
1024948,1,0,0
1024952,1,1,0
1024989,1,0,0
1024994,1,0,0
1025017,1,1,0
1025023,1,1,0
1025031,1,1,0
1025038,1,1,0
1025043,1,1,0
1025068,1,1,0
1025105,1,1,0
1025108,1,1,0
1025119,1,1,0
1025160,1,0,0
1025165,1,1,0
1025171,1,0,0
1025174,1,0,0
1025181,1,1,0
1025189,1,0,0
1025194,1,1,0
1025250,1,0,0
1025295,1,1,0
1025335,1,0,0
1025337,1,1,0
1025389,1,0,0
1025408,1,0,0
1025410,1,1,0
1025420,1,1,0
1025433,1,1,0
1025456,1,0,0
1025459,1,0,0
1025468,1,1,0
1025478,1,0,0
1025563,1,0,0
1025585,1,0,0
1025636,1,0,0
1025637,1,1,0
1025749,1,1,0
1025837,1,1,0
1025891,1,0,0
1025916,1,0,0
1025989,1,1,0
1025992,1,1,0
1026017,1,0,0
1026076,1,0,0
1026087,1,0,0
1026117,1,0,0
1026121,1,0,0
1026239,1,0,0
1026272,1,0,0
1026274,1,1,0
1026279,1,1,0
1026281,1,1,0
1026294,1,0,0
1026295,1,0,0
1026305,1,0,0
1026357,1,0,0
1026366,1,0,0
1026428,1,0,0
1026457,1,1,0
1026465,1,0,0
1026523,1,1,0
1026534,1,0,0
1026546,1,0,0
1026572,1,0,0
1026593,1,0,0
1026607,1,0,0
1026609,1,0,0
1026622,1,0,0
1026636,1,0,0
1026653,1,0,0
1026662,1,1,0
1026669,1,0,0
1026807,1,1,0
1026813,1,1,0
1026825,1,1,0
1026826,1,0,0
1026860,1,1,0
1026882,1,0,0
1026917,1,0,0
1026933,1,0,0
1026953,1,0,0
1026957,1,1,0
1027005,1,1,0
1027007,1,0,0
1027011,1,1,0
1027020,1,1,0
1027025,1,0,0
1027052,1,0,0
1027078,1,1,0
1027122,1,0,0
1027189,1,0,0
1027217,1,1,0
1027219,1,0,0
1027228,1,0,0
1027255,1,0,0
1027264,1,0,0
1027297,1,0,0
1027313,1,1,0
1027326,1,1,0
1027344,1,1,0
1027355,1,0,0
1027369,1,1,0
1027385,1,1,0
1027391,1,0,0
1027416,1,0,0
1027417,1,0,0
1027421,1,0,0
1027444,1,1,0
1027447,1,1,0
1027476,1,1,0
1027488,1,0,0
1027503,1,0,0
1027512,1,0,0
1027537,1,0,0
1027562,1,1,0
1027593,1,0,0
1027609,1,0,0
1027628,1,1,0
1027657,1,1,0
1027681,1,0,0
1027705,1,0,0
1027710,1,0,0
1027712,1,0,0
1027715,1,0,0
1027740,1,1,0
1027747,1,1,0
1027753,1,1,0
1027775,1,0,0
1027782,1,0,0
1027792,1,0,0
1027833,1,1,0
1027844,1,0,0
1027885,1,1,0
1027902,1,1,0
1027922,1,0,0
1027924,1,0,0
1027926,1,0,0
1027979,1,1,0
1027987,1,0,0
1028019,1,0,0
1028069,1,1,0
1028090,1,0,0
1028102,1,0,0
1028104,1,0,0
1028124,1,0,0
1028214,1,0,0
1028239,1,0,0
1028322,1,0,0
1028324,1,0,0
1028327,1,0,0
1028357,1,0,0
1028359,1,0,0
1028364,1,0,0
1028390,1,1,0
1028392,1,0,0
1028401,1,0,0
1028421,1,0,0
1028428,1,0,0
1028463,1,0,0
1028464,1,1,0
1028536,1,0,0
1028563,1,0,0
1028572,1,1,0
1028575,1,0,0
1028583,1,0,0
1028585,1,1,0
1028587,1,0,0
1028603,1,0,0
1028616,1,0,0
1028619,1,0,0
1028622,1,0,0
1028644,1,0,0
1028650,1,0,0
1028778,1,1,0
1028807,1,0,0
1028809,1,1,0
1028822,1,0,0
1028836,1,1,0
1028849,1,0,0
1028859,1,0,0
1028863,1,0,0
1028873,1,1,0
1028878,1,0,0
1028912,1,0,0
1028949,1,0,0
1028970,1,0,0
1029012,1,0,0
1029044,1,1,0
1029050,1,0,0
1029064,1,0,0
1029105,1,1,0
1029117,1,0,0
1029177,1,0,0
1029182,1,0,0
1029191,1,1,0
1029195,1,1,0
1029277,1,0,0
1029283,1,0,0
1029296,1,0,0
1029346,1,0,0
1029370,1,0,0
1029387,1,0,0
1029407,1,0,0
1029445,1,0,0
1029494,1,0,0
1029499,1,0,0
1029514,1,0,0
1029580,1,0,0
1029582,1,0,0
1029595,1,1,0
1029604,1,0,0
1029648,1,1,0
1029676,1,0,0
1029677,1,0,0
1029698,1,0,0
1029731,1,0,0
1029734,1,0,0
1029736,1,0,0
1029748,1,0,0
1029760,1,0,0
1029774,1,1,0
1029831,1,0,0
1029872,1,0,0
1029889,1,0,0
1030019,1,1,0
1030024,1,1,0
1030026,1,1,0
1030028,1,1,0
1030031,1,0,0
1030060,1,1,0
1030083,1,0,0
1030099,1,0,0
1030159,1,0,0
1030171,1,0,0
1030209,1,0,0
1030221,1,0,0
1030227,1,0,0
1030237,1,0,0
1030258,1,1,0
1030287,1,0,0
1030353,1,0,0
1030366,1,0,0
1030367,1,0,0
1030386,1,0,0
1030404,1,0,0
1030407,1,0,0
1030414,1,0,0
1030443,1,0,0
1030444,1,0,0
1030478,1,1,0
1030492,1,0,0
1030515,1,1,0
1030521,1,0,0
1030534,1,0,0
1030536,1,1,0
1030548,1,0,0
1030568,1,1,0
1030572,1,0,0
1030584,1,1,0
1030587,1,0,0
1030595,1,0,0
1030611,1,0,0
1030631,1,0,0
1030671,1,0,0
1030707,1,0,0
1030742,1,1,0
1030768,1,0,0
1030770,1,1,0
1030774,1,0,0
1030779,1,0,0
1030793,1,0,0
1030810,1,0,0
1030836,1,0,0
1030841,1,0,0
1030860,1,1,0
1030892,1,0,0
1030922,1,0,0
1030977,1,0,0
1030979,1,0,0
1030982,1,1,0
1030987,1,0,0
1030998,1,0,0
1031009,1,0,0
1031063,1,0,0
1031091,1,0,0
1031116,1,0,0
1031117,1,0,0
1031120,1,1,0
1031133,1,0,0
1031159,1,0,0
1031201,1,0,0
1031249,1,1,0
1031263,1,1,0
1031271,1,0,0
1031285,1,0,0
1031290,1,0,0
1031304,1,0,0
1031308,1,0,0
1031309,1,0,0
1031315,1,0,0
1031332,1,0,0
1031338,1,0,0
1031400,1,1,0
1031444,1,0,0
1031463,1,0,0
1031491,1,1,0
1031528,1,0,0
1031597,1,0,0
1031626,1,0,0
1031670,1,0,0
1031697,1,0,0
1031775,1,0,0
1031815,1,0,0
1031868,1,0,0
1031984,1,0,0
1032038,1,0,0
1032101,1,0,0
1032108,1,0,0
1032161,1,0,0
1032183,1,0,0
1032190,1,0,0
1032240,1,0,0
1032280,1,0,0
1032313,1,0,0
1032337,1,0,0
1032341,1,0,0
1032427,1,0,0
1032469,1,1,0
1032535,1,0,0
1032598,1,0,0
1032606,1,1,0
1032621,1,1,0
1032632,1,0,0
1032641,1,0,0
1032709,1,0,0
1032722,1,0,0
1032779,1,0,0
1032781,1,0,0
1032783,1,0,0
1032820,1,0,0
1032829,1,1,0
1032849,1,0,0
1032854,1,0,0
1032865,1,0,0
1032868,1,0,0
1032900,1,0,0
1032902,1,0,0
1032903,1,0,0
1032937,1,1,0
1032979,1,1,0
1032983,1,0,0
1033044,1,0,0
1033058,1,0,0
1033097,1,1,0
1033109,1,0,0
1033148,1,0,0
1033189,1,1,0
1033203,1,1,0
1033248,1,0,0
1033265,1,0,0
1033268,1,0,0
1033271,1,0,0
1033343,1,0,0
1033439,1,0,0
1033442,1,0,0
1033452,1,0,0
1033481,1,0,0
1033544,1,0,0
1033563,1,0,0
1033568,1,1,0
1033573,1,0,0
1033582,1,0,0
1033606,1,0,0
1033648,1,1,0
1033716,1,1,0
1033719,1,0,0
1033751,1,0,0
1033759,1,0,0
1033780,1,0,0
1033814,1,1,0
1033825,1,0,0
1033826,1,0,0
1033828,1,0,0
1033857,1,0,0
1033915,1,0,0
1033955,1,0,0
1033992,1,0,0
1034004,1,0,0
1034015,1,0,0
1034018,1,0,0
1034021,1,1,0
1034039,1,0,0
1034109,1,0,0
1034132,1,0,0
1034166,1,0,0
1034177,1,1,0
1034183,1,0,0
1034205,1,0,0
1034230,1,1,0
1034267,1,0,0
1034287,1,1,0
1034296,1,0,0
1034298,1,1,0
1034329,1,0,0
1034394,1,0,0
1034403,1,0,0
1034463,1,0,0
1034468,1,1,0
1034474,1,0,0
1034497,1,1,0
1034500,1,0,0
1034550,1,1,0
1034553,1,0,0
1034554,1,1,0
1034559,1,1,0
1034606,1,0,0
1034618,1,0,0
1034623,1,0,0
1034658,1,0,0
1034663,1,1,0
1034690,1,0,0
1034716,1,1,0
1034718,1,1,0
1034722,1,0,0
1034723,1,0,0
1034749,1,1,0
1034790,1,0,0
1034826,1,0,0
1034852,1,0,0
1034868,1,0,0
1034887,1,0,0
1034899,1,1,0
1034941,1,0,0
1034974,1,1,0
1035014,1,0,0
1035029,1,0,0
1035030,1,0,0
1035044,1,1,0
1035058,1,0,0
1035073,1,1,0
1035107,1,0,0
1035178,1,1,0
1035199,1,0,0
1035208,1,0,0
1035211,1,0,0
1035252,1,0,0
1035293,1,1,0
1035295,1,1,0
1035301,1,1,0
1035376,1,0,0
1035419,1,0,0
1035438,1,0,0
1035452,1,1,0
1035457,1,0,0
1035526,1,0,0
1035542,1,0,0
1035577,1,0,0
1035613,1,0,0
1035625,1,1,0
1035654,1,1,0
1035682,1,0,0
1035722,1,0,0
1035739,1,0,0
1035742,1,0,0
1035774,1,0,0
1035829,1,0,0
1035848,1,0,0
1035855,1,0,0
1035865,1,0,0
1035877,1,0,0
1035901,1,0,0
1035943,1,0,0
1035949,1,0,0
1035965,1,0,0
1035973,1,0,0
1035978,1,1,0
1035986,1,1,0
1036001,1,0,0
1036002,1,0,0
1036020,1,1,0
1036026,1,1,0
1036064,1,1,0
1036074,1,1,0
1036082,1,0,0
1036095,1,1,0
1036118,1,1,0
1036131,1,0,0
1036153,1,0,0
1036157,1,0,0
1036173,1,0,0
1036214,1,0,0
1036244,1,0,0
1036255,1,1,0
1036259,1,0,0
1036310,1,0,0
1036354,1,0,0
1036355,1,0,0
1036387,1,0,0
1036444,1,0,0
1036461,1,0,0
1036483,1,1,0
1036490,1,0,0
1036526,1,0,0
1036532,1,1,0
1036541,1,0,0
1036557,1,1,0
1036573,1,0,0
1036591,1,0,0
1036598,1,1,0
1036613,1,0,0
1036677,1,0,0
1036682,1,0,0
1036685,1,0,0
1036696,1,1,0
1036697,1,0,0
1036711,1,1,0
1036747,1,1,0
1036766,1,0,0
1036770,1,0,0
1036779,1,1,0
1036788,1,0,0
1036797,1,0,0
1036857,1,0,0
1036922,1,1,0
1036968,1,0,0
1036982,1,0,0
1036983,1,0,0
1036997,1,1,0
1037016,1,0,0
1037020,1,1,0
1037037,1,1,0
1037081,1,1,0
1037164,1,0,0
1037167,1,0,0
1037168,1,1,0
1037197,1,0,0
1037200,1,1,0
1037240,1,0,0
1037241,1,0,0
1037246,1,0,0
1037249,1,1,0
1037255,1,0,0
1037291,1,0,0
1037311,1,0,0
1037319,1,0,0
1037345,1,0,0
1037371,1,0,0
1037388,1,1,0
1037393,1,0,0
1037434,1,1,0
1037453,1,1,0
1037462,1,0,0
1037467,1,0,0
1037474,1,0,0
1037486,1,0,0
1037487,1,0,0
1037494,1,1,0
1037504,1,0,0
1037527,1,1,0
1037548,1,0,0
1037584,1,0,0
1037593,1,0,0
1037606,1,1,0
1037608,1,0,0
1037616,1,0,0
1037638,1,0,0
1037642,1,0,0
1037646,1,1,0
1037647,1,0,0
1037672,1,0,0
1037684,1,1,0
1037689,1,0,0
1037725,1,0,0
1037727,1,1,0
1037752,1,0,0
1037758,1,0,0
1037759,1,0,0
1037783,1,0,0
1037942,1,0,0
1037947,1,0,0
1037959,1,0,0
1037980,1,0,0
1037996,1,0,0
1038118,1,1,0
1038155,1,1,0
1038175,1,0,0
1038274,1,0,0
1038298,1,0,0
1038310,1,1,0
1038320,1,0,0
1038339,1,0,0
1038349,1,1,0
1038389,1,0,0
1038392,1,0,0
1038407,1,0,0
1038437,1,0,0
1038479,1,0,0
1038484,1,0,0
1038490,1,0,0
1038497,1,0,0
1038511,1,0,0
1038531,1,0,0
1038554,1,0,0
1038696,1,1,0
1038714,1,0,0
1038742,1,0,0
1038755,1,0,0
1038821,1,1,0
1038844,1,0,0
1038846,1,1,0
1038847,1,0,0
1038901,1,0,0
1038913,1,0,0
1039012,1,1,0
1039044,1,1,0
1039061,1,1,0
1039063,1,0,0
1039064,1,1,0
1039080,1,1,0
1039085,1,1,0
1039152,1,0,0
1039231,1,0,0
1039321,1,1,0
1039333,1,0,0
1039339,1,0,0
1039350,1,0,0
1039359,1,1,0
1039379,1,1,0
1039412,1,1,0
1039440,1,0,0
1039443,1,0,0
1039591,1,1,0
1039622,1,0,0
1039642,1,1,0
1039702,1,0,0
1039713,1,0,0
1039734,1,0,0
1039735,1,1,0
1039759,1,1,0
1039760,1,1,0
1039766,1,1,0
1039769,1,0,0
1039771,1,0,0
1039787,1,0,0
1039800,1,0,0
1039804,1,0,0
1039830,1,0,0
1039917,1,1,0
1039953,1,0,0
1040020,1,1,0
1040026,1,0,0
1040050,1,1,0
1040091,1,0,0
1040092,1,0,0
1040114,1,1,0
1040143,1,1,0
1040150,1,0,0
1040158,1,0,0
1040164,1,0,0
1040175,1,0,0
1040184,1,0,0
1040204,1,0,0
1040214,1,0,0
1040236,1,1,0
1040266,1,1,0
1040273,1,0,0
1040292,1,0,0
1040322,1,0,0
1040343,1,1,0
1040361,1,0,0
1040369,1,1,0
1040409,1,0,0
1040459,1,0,0
1040462,1,1,0
1040509,1,0,0
1040546,1,1,0
1040550,1,1,0
1040589,1,1,0
1040601,1,1,0
1040623,1,1,0
1040647,1,1,0
1040664,1,1,0
1040720,1,0,0
1040745,1,0,0
1040751,1,0,0
1040769,1,0,0
1040784,1,0,0
1040789,1,1,0
1040833,1,0,0
1040838,1,1,0
1040881,1,0,0
1040885,1,0,0
1040900,1,1,0
1040911,1,0,0
1040926,1,0,0
1040934,1,1,0
1040943,1,1,0
1040969,1,0,0
1040994,1,0,0
1041020,1,0,0
1041096,1,0,0
1041098,1,0,0
1041120,1,0,0
1041132,1,0,0
1041159,1,0,0
1041215,1,1,0
1041262,1,0,0
1041264,1,1,0
1041321,1,1,0
1041341,1,1,0
1041360,1,0,0
1041409,1,0,0
1041437,1,1,0
1041464,1,0,0
1041475,1,0,0
1041536,1,0,0
1041551,1,0,0
1041552,1,0,0
1041656,1,0,0
1041669,1,0,0
1041702,1,1,0
1041725,1,0,0
1041756,1,0,0
1041770,1,0,0
1041829,1,0,0
1041837,1,1,0
1041842,1,0,0
1041878,1,1,0
1041950,1,1,0
1041979,1,1,0
1041989,1,0,0
1042015,1,1,0
1042021,1,0,0
1042031,1,1,0
1042039,1,0,0
1042092,1,1,0
1042149,1,0,0
1042153,1,1,0
1042203,1,0,0
1042233,1,0,0
1042251,1,0,0
1042315,1,1,0
1042326,1,1,0
1042371,1,0,0
1042426,1,1,0
1042431,1,0,0
1042450,1,1,0
1042452,1,0,0
1042462,1,0,0
1042472,1,0,0
1042487,1,0,0
1042527,1,0,0
1042549,1,1,0
1042568,1,1,0
1042618,1,1,0
1042626,1,0,0
1042696,1,1,0
1042726,1,1,0
1042789,1,0,0
1042807,1,0,0
1042810,1,0,0
1042830,1,0,0
1042838,1,0,0
1042869,1,0,0
1042878,1,0,0
1042883,1,1,0
1042919,1,1,0
1042958,1,0,0
1042969,1,0,0
1042998,1,0,0
1043040,1,0,0
1043098,1,1,0
1043147,1,0,0
1043148,1,0,0
1043161,1,0,0
1043183,1,1,0
1043226,1,1,0
1043243,1,0,0
1043264,1,0,0
1043267,1,0,0
1043291,1,1,0
1043297,1,0,0
1043311,1,1,0
1043313,1,0,0
1043323,1,0,0
1043329,1,0,0
1043334,1,0,0
1043414,1,0,0
1043454,1,0,0
1043463,1,0,0
1043472,1,0,0
1043487,1,0,0
1043524,1,1,0
1043590,1,0,0
1043613,1,0,0
1043698,1,0,0
1043717,1,0,0
1043735,1,1,0
1043757,1,0,0
1043780,1,0,0
1043852,1,0,0
1043892,1,1,0
1043898,1,0,0
1043963,1,0,0
1044061,1,1,0
1044104,1,0,0
1044135,1,0,0
1044144,1,0,0
1044167,1,1,0
1044191,1,1,0
1044194,1,0,0
1044212,1,1,0
1044258,1,1,0
1044282,1,0,0
1044285,1,0,0
1044307,1,1,0
1044405,1,0,0
1044407,1,1,0
1044469,1,0,0
1044482,1,1,0
1044522,1,0,0
1044534,1,0,0
1044640,1,1,0
1044678,1,1,0
1044706,1,0,0
1044826,1,0,0
1044835,1,0,0
1044882,1,0,0
1044903,1,1,0
1044910,1,0,0
1044922,1,0,0
1044957,1,0,0
1044979,1,0,0
1044981,1,1,0
1045024,1,0,0
1045125,1,0,0
1045132,1,0,0
1045159,1,0,0
1045205,1,0,0
1045208,1,0,0
1045209,1,1,0
1045273,1,0,0
1045315,1,0,0
1045339,1,0,0
1045382,1,1,0
1045425,1,0,0
1045454,1,1,0
1045477,1,0,0
1045527,1,0,0
1045560,1,0,0
1045571,1,0,0
1045613,1,0,0
1045619,1,0,0
1045677,1,0,0
1045685,1,0,0
1045710,1,0,0
1045739,1,0,0
1045752,1,0,0
1045774,1,0,0
1045870,1,0,0
1045954,1,0,0
1045957,1,1,0
1045987,1,1,0
1045989,1,0,0
1046021,1,0,0
1046026,1,1,0
1046055,1,0,0
1046063,1,0,0
1046146,1,1,0
1046234,1,0,0
1046246,1,0,0
1046250,1,0,0
1046268,1,0,0
1046289,1,1,0
1046324,1,0,0
1046334,1,0,0
1046346,1,1,0
1046369,1,0,0
1046456,1,0,0
1046464,1,1,0
1046484,1,0,0
1046508,1,1,0
1046509,1,1,0
1046537,1,0,0
1046545,1,1,0
1046595,1,1,0
1046596,1,1,0
1046630,1,1,0
1046640,1,1,0
1046661,1,1,0
1046679,1,0,0
1046718,1,0,0
1046723,1,0,0
1046732,1,1,0
1046746,1,1,0
1046765,1,0,0
1046846,1,0,0
1046851,1,1,0
1046962,1,0,0
1046963,1,0,0
1047009,1,0,0
1047011,1,0,0
1047078,1,0,0
1047085,1,0,0
1047194,1,0,0
1047228,1,1,0
1047251,1,0,0
1047370,1,0,0
1047389,1,0,0
1047419,1,0,0
1047421,1,1,0
1047441,1,1,0
1047518,1,1,0
1047559,1,0,0
1047593,1,1,0
1047614,1,0,0
1047665,1,0,0
1047681,1,1,0
1047709,1,0,0
1047718,1,1,0
1047847,1,1,0
1047857,1,0,0
1047920,1,1,0
1047965,1,0,0
1048016,1,1,0
1048051,1,1,0
1048088,1,0,0
1048098,1,0,0
1048150,1,0,0
1048167,1,0,0
1048249,1,0,0
1048250,1,1,0
1048280,1,0,0
1048302,1,0,0
1048426,1,0,0
1048449,1,1,0
1048583,1,0,0
1048628,1,0,0
1048643,1,0,0
1048648,1,1,0
1048660,1,0,0
1048728,1,1,0
1048807,1,1,0
1048836,1,0,0
1048852,1,1,0
1048855,1,1,0
1048917,1,1,0
1048926,1,0,0
1048927,1,0,0
1048937,1,1,0
1049002,1,0,0
1049012,1,1,0
1049051,1,1,0
1049073,1,0,0
1049092,1,1,0
1049146,1,0,0
1049198,1,0,0
1049213,1,0,0
1049220,1,0,0
1049255,1,0,0
1049263,1,0,0
1049305,1,0,0
1049315,1,0,0
1049317,1,0,0
1049327,1,0,0
1049342,1,0,0
1049361,1,1,0
1049374,1,0,0
1049417,1,0,0
1049432,1,0,0
1049436,1,0,0
1049498,1,0,0
1049516,1,1,0
1049545,1,0,0
1049549,1,0,0
1049572,1,0,0
1049584,1,1,0
1049597,1,0,0
1049671,1,0,0
1049713,1,1,0
1049790,1,0,0
1049807,1,0,0
1049940,1,1,0
1049949,1,0,0
1049984,1,0,0
1049988,1,0,0
1050020,1,0,0
1050047,1,1,0
1050048,1,0,0
1050064,1,1,0
1050147,1,1,0
1050215,1,0,0
1050246,1,0,0
1050264,1,0,0
1050281,1,0,0
1050346,1,0,0
1050382,1,0,0
1050393,1,1,0
1050403,1,1,0
1050538,1,1,0
1050551,1,0,0
1050557,1,0,0
1050639,1,0,0
1050660,1,0,0
1050661,1,1,0
1050703,1,0,0
1050791,1,0,0
1050798,1,0,0
1050850,1,0,0
1050885,1,1,0
1050986,1,0,0
1051010,1,0,0
1051103,1,0,0
1051220,1,0,0
1051251,1,0,0
1051317,1,0,0
1051335,1,0,0
1051353,1,0,0
1051392,1,0,0
1051483,1,0,0
1051491,1,0,0
1051494,1,0,0
1051566,1,0,0
1051574,1,1,0
1051697,1,1,0
1051700,1,1,0
1051755,1,0,0
1051787,1,0,0
1051936,1,0,0
1051972,1,0,0
1052001,1,0,0
1052119,1,1,0
1052297,1,0,0
1052318,1,0,0
1052365,1,0,0
1052415,1,0,0
1052427,1,1,0
1052434,1,0,0
1052445,1,1,0
1052478,1,1,0
1052520,1,0,0
1052521,1,0,0
1052537,1,0,0
1052581,1,1,0
1052645,1,1,0
1052727,1,0,0
1052729,1,0,0
1052848,1,0,0
1052881,1,0,0
1052949,1,1,0
1052994,1,1,0
1053071,1,1,0
1053094,1,1,0
1053119,1,0,0
1053125,1,0,0
1053226,1,0,0
1053228,1,0,0
1053255,1,1,0
1053266,1,0,0
1053330,1,1,0
1053366,1,1,0
1053428,1,0,0
1053455,1,1,0
1053501,1,0,0
1053582,1,1,0
1053649,1,0,0
1053685,1,0,0
1053794,1,0,0
1053802,1,0,0
1053829,1,0,0
1053844,1,0,0
1053943,1,0,0
1053977,1,0,0
1053988,1,0,0
1054009,1,1,0
1054020,1,1,0
1054394,1,0,0
1054413,1,0,0
1054451,1,0,0
1054496,1,1,0
1054512,1,1,0
1054549,1,0,0
1054690,1,0,0
1054738,1,0,0
1054818,1,0,0
1054866,1,0,0
1054935,1,0,0
1055002,1,0,0
1055071,1,1,0
1055114,1,0,0
1055124,1,1,0
1055150,1,0,0
1055223,1,0,0
1055448,1,1,0
1055459,1,1,0
1055504,1,0,0
1055563,1,1,0
1055634,1,1,0
1055651,1,0,0
1055709,1,0,0
1055765,1,1,0
1055864,1,0,0
1055870,1,0,0
1056087,1,0,0
1056119,1,0,0
1056157,1,0,0
1056178,1,0,0
1056184,1,0,0
1056220,1,0,0
1056223,1,0,0
1056230,1,1,0
1056279,1,0,0
1056319,1,0,0
1056320,1,0,0
1056363,1,0,0
1056364,1,0,0
1056415,1,1,0
1056594,1,1,0
1056609,1,0,0
1056619,1,0,0
1056693,1,1,0
1056819,1,0,0
1056853,1,0,0
1056858,1,0,0
1056924,1,1,0
1056929,1,1,0
1056956,1,0,0
1057017,1,1,0
1057042,1,1,0
1057053,1,0,0
1057062,1,1,0
1057100,1,0,0
1057140,1,0,0
1057198,1,0,0
1057209,1,0,0
1057260,1,0,0
1057280,1,0,0
1057351,1,1,0
1057357,1,1,0
1057368,1,0,0
1057393,1,0,0
1057464,1,0,0
1057535,1,0,0
1057647,1,0,0
1057665,1,0,0
1057693,1,0,0
1057776,1,0,0
1057871,1,1,0
1057908,1,0,0
1057931,1,0,0
1057986,1,1,0
1058007,1,0,0
1058025,1,0,0
1058149,1,0,0
1058157,1,0,0
1058327,1,1,0
1058393,1,0,0
1058412,1,0,0
1058464,1,0,0
1058508,1,1,0
1058527,1,1,0
1058589,1,0,0
1058646,1,1,0
1058793,1,0,0
1058852,1,1,0
1058967,1,0,0
1059019,1,0,0
1059070,1,1,0
1059215,1,1,0
1059253,1,0,0
1059350,1,1,0
1059394,1,0,0
1059402,1,1,0
1059412,1,0,0
1059416,1,0,0
1059437,1,0,0
1059461,1,0,0
1059564,1,1,0
1059617,1,0,0
1059708,1,0,0
1059728,1,1,0
1059802,1,0,0
1059967,1,0,0
1059979,1,0,0
1060104,1,0,0
1060251,1,0,0
1060486,1,0,0
1060489,1,1,0
1060523,1,0,0
1060576,1,1,0
1060580,1,0,0
1060589,1,1,0
1060645,1,0,0
1061100,1,0,0
1061155,1,0,0
1061172,1,1,0
1061314,1,1,0
1061347,1,0,0
1061477,1,0,0
1061511,1,0,0
1061519,1,1,0
1061542,1,1,0
1061549,1,0,0
1061653,1,0,0
1061684,1,0,0
1061757,1,1,0
1061763,1,0,0
1061818,1,1,0
1061861,1,0,0
1061927,1,0,0
1061949,1,1,0
1061951,1,0,0
1062060,1,0,0
1062079,1,0,0
1062120,1,0,0
1062164,1,1,0
1062188,1,0,0
1062208,1,0,0
1062212,1,0,0
1062290,1,0,0
1062374,1,0,0
1062453,1,0,0
1062456,1,0,0
1062490,1,0,0
1062516,1,0,0
1062520,1,0,0
1062596,1,0,0
1062603,1,1,0
1062604,1,0,0
1062701,1,0,0
1062753,1,0,0
1062776,1,0,0
1062846,1,0,0
1062878,1,1,0
1062887,1,0,0
1062888,1,0,0
1062973,1,0,0
1063023,1,0,0
1063189,1,0,0
1063239,1,0,0
1063308,1,1,0
1063406,1,0,0
1063428,1,0,0
1063447,1,0,0
1063551,1,0,0
1063589,1,0,0
1063669,1,0,0
1063716,1,0,0
1063849,1,0,0
1063894,1,0,0
1063907,1,0,0
1063914,1,1,0
1063954,1,0,0
1064051,1,0,0
1064056,1,0,0
1064111,1,1,0
1064154,1,0,0
1064161,1,1,0
1064315,1,0,0
1064405,1,0,0
1064529,1,0,0
1064539,1,0,0
1064661,1,0,0
1064793,1,0,0
1065102,1,0,0
1065118,1,0,0
1065153,1,1,0
1065184,1,0,0
1065209,1,0,0
1065304,1,1,0
1065576,1,0,0
1065643,1,0,0
1065701,1,0,0
1065703,1,0,0
1065741,1,0,0
1065788,1,0,0
1065877,1,0,0
1065887,1,0,0
1065918,1,0,0
1065965,1,0,0
1066013,1,1,0
1066089,1,0,0
1066120,1,1,0
1066199,1,0,0
1066333,1,1,0
1066379,1,1,0
1066403,1,0,0
1066433,1,1,0
1066507,1,0,0
1066570,1,0,0
1066878,1,1,0
1067031,1,0,0
1067081,1,1,0
1067082,1,0,0
1067098,1,0,0
1067167,1,0,0
1067178,1,1,0
1067329,1,1,0
1067342,1,0,0
1067457,1,0,0
1067474,1,0,0
1067519,1,0,0
1067725,1,0,0
1067776,1,0,0
1067840,1,0,0
1067960,1,0,0
1068001,1,0,0
1068041,1,0,0
1068043,1,0,0
1068077,1,1,0
1068147,1,0,0
1068453,1,1,0
1068514,1,1,0
1068759,1,1,0
1068817,1,0,0
1068819,1,1,0
1068820,1,1,0
1068844,1,0,0
1069059,1,0,0
1069129,1,1,0
1069149,1,0,0
1069156,1,1,0
1069318,1,0,0
1069330,1,0,0
1069414,1,1,0
1069569,1,1,0
1069576,1,0,0
1069595,1,0,0
1069649,1,1,0
1069686,1,1,0
1069764,1,1,0
1069832,1,0,0
1069973,1,1,0
1070120,1,0,0
1070214,1,0,0
1070476,1,1,0
1070523,1,0,0
1070550,1,0,0
1070603,1,1,0
1070680,1,1,0
1070765,1,0,0
1070785,1,0,0
1070928,1,0,0
1070942,1,0,0
1071105,1,0,0
1071107,1,1,0
1071236,1,1,0
1071249,1,0,0
1071386,1,1,0
1071410,1,0,0
1071418,1,1,0
1071445,1,0,0
1071448,1,0,0
1071456,1,0,0
1071479,1,0,0
1071619,1,0,0
1072060,1,1,0
1072102,1,0,0
1072157,1,0,0
1072296,1,1,0
1072342,1,0,0
1072390,1,0,0
1072395,1,0,0
1072623,1,0,0
1072687,1,0,0
1072736,1,0,0
1072814,1,1,0
1072893,1,1,0
1072973,1,1,0
1073224,1,0,0
1073276,1,0,0
1073345,1,1,0
1073371,1,0,0
1073449,1,0,0
1073527,1,0,0
1073614,1,1,0
1073621,1,0,0
1073686,1,0,0
1073704,1,0,0
1073776,1,0,0
1074462,1,0,0
1074557,1,0,0
1074583,1,0,0
1074602,1,0,0
1074624,1,0,0
1074655,1,0,0
1074786,1,0,0
1074853,1,0,0
1074894,1,0,0
1075007,1,0,0
1075015,1,0,0
1075125,1,1,0
1075126,1,1,0
1075190,1,1,0
1075312,1,0,0
1075371,1,0,0
1075623,1,0,0
1075630,1,0,0
1075846,1,0,0
1075856,1,0,0
1075861,1,1,0
1076147,1,0,0
1076292,1,0,0
1076355,1,0,0
1076357,1,0,0
1076486,1,0,0
1076547,1,0,0
1076659,1,0,0
1076765,1,0,0
1076911,1,0,0
1077003,1,0,0
1077208,1,0,0
1077252,1,0,0
1077416,1,0,0
1077455,1,0,0
1077652,1,0,0
1077655,1,0,0
1077772,1,0,0
1077959,1,1,0
1077984,1,0,0
1077990,1,0,0
1078020,1,0,0
1078169,1,0,0
1078172,1,0,0
1078236,1,0,0
1078381,1,0,0
1078385,1,0,0
1078764,1,0,0
1078766,1,1,0
1078873,1,0,0
1079109,1,0,0
1079441,1,0,0
1079468,1,0,0
1079503,1,0,0
1079533,1,0,0
1079607,1,0,0
1079731,1,1,0
1079912,1,0,0
1079954,1,0,0
1080045,1,0,0
1080170,1,1,0
1080336,1,0,0
1080511,1,0,0
1081090,1,0,0
1081393,1,1,0
1081429,1,1,0
1081613,1,1,0
1081642,1,0,0
1081745,1,0,0
1082141,1,1,0
1082327,1,0,0
1082450,1,1,0
1082453,1,0,0
1082845,1,0,0
1083058,1,0,0
1083232,1,0,0
1083293,1,1,0
1083358,1,0,0
1083467,1,0,0
1083588,1,0,0
1083774,1,0,0
1083914,1,0,0
1083945,1,1,0
1083949,1,0,0
1083991,1,1,0
1084187,1,0,0
1084265,1,0,0
1084279,1,1,0
1084424,1,1,0
1084431,1,0,0
1084438,1,0,0
1084496,1,1,0
1084647,1,0,0
1084876,1,1,0
1085002,1,1,0
1085019,1,0,0
1085026,1,0,0
1085036,1,0,0
1085101,1,0,0
1085200,1,0,0
1085287,1,1,0
1085313,1,0,0
1085398,1,0,0
1085535,1,0,0
1085582,1,0,0
1085769,1,0,0
1085827,1,0,0
1085829,1,0,0
1085923,1,0,0
1086196,1,0,0
1086252,1,0,0
1086356,1,0,0
1086460,1,0,0
1086527,1,1,0
1086721,1,1,0
1086733,1,0,0
1086822,1,0,0
1086825,1,0,0
1086919,1,0,0
1086955,1,0,0
1087399,1,0,0
1087457,1,1,0
1087478,1,0,0
1087497,1,0,0
1087515,1,0,0
1087546,1,0,0
1087566,1,1,0
1087640,1,0,0
1087689,1,1,0
1087691,1,0,0
1087822,1,1,0
1088000,1,1,0
1088007,1,0,0
1088106,1,0,0
1088126,1,0,0
1088297,1,0,0
1088391,1,1,0
1088437,1,0,0
1088494,1,0,0
1088510,1,0,0
1088544,1,0,0
1088566,1,0,0
1088654,1,0,0
1088890,1,1,0
1088932,1,0,0
1088992,1,0,0
1089148,1,1,0
1089196,1,0,0
1089271,1,1,0
1089338,1,1,0
1089367,1,0,0
1089375,1,0,0
1089404,1,1,0
1089496,1,0,0
1089759,1,0,0
1089915,1,0,0
1089921,1,0,0
1089984,1,0,0
1089989,1,1,0
1090104,1,1,0
1090110,1,0,0
1090149,1,1,0
1090243,1,0,0
1090286,1,1,0
1090291,1,0,0
1090368,1,1,0
1090457,1,1,0
1090811,1,0,0
1091115,1,0,0
1091133,1,1,0
1091149,1,0,0
1091195,1,0,0
1091253,1,0,0
1091276,1,0,0
1091365,1,1,0
1091388,1,1,0
1091483,1,0,0
1091723,1,0,0
1091766,1,0,0
1091853,1,0,0
1091939,1,0,0
1091963,1,1,0
1092029,1,0,0
1092085,1,1,0
1092144,1,0,0
1092177,1,0,0
1092244,1,1,0
1092262,1,0,0
1092341,1,1,0
1092539,1,1,0
1092551,1,0,0
1092677,1,0,0
1092718,1,0,0
1092831,1,0,0
1092834,1,0,0
1092858,1,0,0
1092996,1,0,0
1092997,1,0,0
1093228,1,0,0
1093230,1,0,0
1093281,1,0,0
1093417,1,1,0
1093443,1,0,0
1093451,1,0,0
1093455,1,0,0
1093537,1,1,0
1093555,1,0,0
1093623,1,0,0
1093754,1,0,0
1093766,1,0,0
1093850,1,1,0
1093930,1,0,0
1094060,1,1,0
1094095,1,0,0
1094484,1,0,0
1094607,1,0,0
1094643,1,0,0
1094713,1,0,0
1094726,1,0,0
1094782,1,1,0
1094803,1,0,0
1094825,1,0,0
1094966,1,0,0
1095084,1,0,0
1095197,1,0,0
1095260,1,0,0
1095334,1,1,0
1095699,1,1,0
1095751,1,0,0
1095771,1,0,0
1095934,1,1,0
1096044,1,0,0
1096105,1,0,0
1096147,1,0,0
1096191,1,0,0
1096219,1,0,0
1096368,1,1,0
1096451,1,1,0
1096455,1,1,0
1096567,1,0,0
1096775,1,0,0
1097070,1,0,0
1097476,1,0,0
1097497,1,0,0
1097697,1,1,0
1097737,1,1,0
1097741,1,0,0
1097919,1,1,0
1097956,1,0,0
1097957,1,1,0
1097969,1,1,0
1097987,1,0,0
1098008,1,0,0
1098015,1,0,0
1098047,1,0,0
1098057,1,1,0
1098070,1,0,0
1098108,1,0,0
1098143,1,0,0
1098159,1,1,0
1098184,1,0,0
1098230,1,0,0
1098242,1,0,0
1098372,1,0,0
1098408,1,1,0
1098414,1,0,0
1098432,1,0,0
1098436,1,0,0
1098458,1,0,0
1098494,1,1,0
1098506,1,0,0
1098527,1,0,0
1098567,1,0,0
1098576,1,0,0
1098654,1,1,0
1098675,1,1,0
1098700,1,1,0
1098706,1,0,0
1098748,1,0,0
1098761,1,0,0
1098824,1,1,0
1098830,1,1,0
1098848,1,1,0
1098859,1,0,0
1098864,1,1,0
1098867,1,1,0
1098876,1,0,0
1098968,1,0,0
1098974,1,0,0
1099012,1,1,0
1099024,1,1,0
1099032,1,1,0
1099041,1,0,0
1099059,1,1,0
1099066,1,0,0
1099107,1,1,0
1099131,1,1,0
1099138,1,0,0
1099147,1,1,0
1099176,1,1,0
1099189,1,1,0
1099212,1,1,0
1099226,1,1,0
1099288,1,0,0
1099393,1,1,0
1099398,1,1,0
1099414,1,1,0
1099461,1,0,0
1099466,1,0,0
1099474,1,1,0
1099484,1,1,0
1099495,1,0,0
1099523,1,0,0
1099557,1,1,0
1099570,1,0,0
1099583,1,0,0
1099622,1,1,0
1099645,1,0,0
1099664,1,0,0
1099696,1,0,0
1099708,1,0,0
1099715,1,0,0
1099747,1,1,0
1099748,1,1,0
1099764,1,1,0
1099783,1,0,0
1099807,1,0,0
1099868,1,1,0
1099915,1,1,0
1099955,1,0,0
1099977,1,0,0
